commodity;categoria;categoria_planning;categoria_gpc;product_group;marca_gpc;cod_produto;produto;peso_liquido_caixa;unidades_caixa;peso_liquido_unitario
BEAUTY;HAIR;HAIR;HAIR;CONDICIONADORES;DOVE;424;HAIR CO DOVE REGULAR;2,364;12;0,19700
BEAUTY;HAIR;HAIR;HAIR;CONDICIONADORES;DOVE;425;HAIR CO DOVE 400ML;4,704;12;0,39200
BEAUTY;HAIR;HAIR;HAIR;CONDICIONADORES;SEDA;427;HAIR CO SEDA REGULAR;3,861;12;0,32175
BEAUTY;HAIR;HAIR;HAIR;CONDICIONADORES;NEXXUS;594;HAIR CO NEXXUS 250ML;1,550;6;0,25833
BEAUTY;HAIR;HAIR;HAIR;SHAMPOO;NEXXUS;598;HAIR SH NEXXUS 250ML;1,550;6;0,25833
BEAUTY;HAIR;HAIR;HAIR;OFERTAS HAIR;CLEAR;802;HAIR SH CLEAR MEN 400+70ML GRATIS;4,963;12;0,41358
BEAUTY;HAIR;HAIR;HAIR;CONDICIONADORES;CLEAR;38U;HAIR CO CLEAR REGULAR;2,388;12;0,19900
BEAUTY;HAIR;HAIR;HAIR;CONDICIONADORES;SUAVE;43A;HAIR CO SUAVE REGULAR;3,838;12;0,31983
BEAUTY;HAIR;HAIR;HAIR;MODELADOR;TRIM;43B;HAIR TRIM;0,780;12;0,06500
BEAUTY;HAIR;HAIR;HAIR;SHAMPOO;CLEAR;43D;HAIR SH CLEAR REGULAR;2,482;12;0,20683
BEAUTY;HAIR;HAIR;HAIR;SHAMPOO;CLEAR;43E;HAIR SH CLEAR TAM GRANDES;4,963;12;0,41358
BEAUTY;HAIR;HAIR;HAIR;SHAMPOO;DIMENSION;43G;HAIR SH DIMENSION;2,479;12;0,20658
BEAUTY;HAIR;HAIR;HAIR;SHAMPOO;DOVE;43H;HAIR SH DOVE REGULAR;2,470;12;0,20583
BEAUTY;HAIR;HAIR;HAIR;SHAMPOO;DOVE;43I;HAIR SH DOVE 400ML;4,939;12;0,41158
BEAUTY;HAIR;HAIR;HAIR;SHAMPOO;SEDA;43K;HAIR SH SEDA REGULAR;4,005;12;0,33375
BEAUTY;HAIR;HAIR;HAIR;SHAMPOO;SUAVE;43N;HAIR SH SUAVE REGULAR;3,970;12;0,33083
BEAUTY;HAIR;HAIR;HAIR;TRATAMENTO PARA CABELO;DOVE;43O;HAIR CRPE DOVE REGULAR;2,376;12;0,19800
BEAUTY;HAIR;HAIR;HAIR;TRATAMENTO PARA CABELO;SEDA;43S;HAIR CRPE SEDA REGULAR;3,568;12;0,29733
BEAUTY;HAIR;HAIR;HAIR;SHAMPOO;TRESEMME;45J;HAIR SH TRESEMME 400;4,960;12;0,41333
BEAUTY;HAIR;HAIR;HAIR;SHAMPOO;TRESEMME;45K;HAIR SH TRESEMME 750;9,300;12;0,77500
BEAUTY;HAIR;HAIR;HAIR;CONDICIONADORES;TRESEMME;45L;HAIR CO TRESEMME 400;4,750;12;0,39583
BEAUTY;HAIR;HAIR;HAIR;CONDICIONADORES;TRESEMME;45M;HAIR CO TRESEMME 750;8,860;12;0,73833
BEAUTY;HAIR;HAIR;HAIR;TRATAMENTO PARA CABELO;TRESEMME;45N;HAIR CRTR TRESEMME 1K;6,000;6;1,00000
BEAUTY;HAIR;HAIR;HAIR;TRATAMENTO PARA CABELO;TRESEMME;45Y;HAIR CRTR TRESEMME 400G;2,400;6;0,40000
BEAUTY;HAIR;HAIR;HAIR;SHAMPOO;DOVE;46I;HAIR SH DOVE MEN 400ML;4,940;12;0,41167
BEAUTY;HAIR;BABY;BABY DOVE;SHAMPOO;BABY DOVE;47I;HAIR SH DOVE BABY 400ML;4,900;12;0,40833
BEAUTY;HAIR;BABY;BABY DOVE;SHAMPOO;BABY DOVE;47K;HAIR SH DOVE BABY 200ML;2,450;12;0,20417
BEAUTY;HAIR;BABY;BABY DOVE;CONDICIONADORES;BABY DOVE;5DG;HAIR CO DOVE BABY 200ML;2,360;12;0,19667
BEAUTY;HAIR;HAIR;HAIR;OFERTAS HAIR;DOVE;5H2;HAIR SH 400+CO200 DOVE - PR ESP;4,877;8;0,60963
BEAUTY;HAIR;HAIR;HAIR;OFERTAS HAIR;SEDA;60C;HAIR SH+CO SEDA REGULAR - PR ESP;9,833;15;0,65553
BEAUTY;HAIR;HAIR;HAIR;SHAMPOO;DOVE;61Y;HAIR SH DOVE MEN 200ML;2,470;12;0,20583
BEAUTY;HAIR;HAIR;HAIR;OFERTAS HAIR;TRESEMME;6AB;HAIR SH 400+CO200 TRESEMME - PR ESP;9,792;16;0,61200
BEAUTY;HAIR;HAIR;HAIR;SHAMPOO;TRESEMME;6H6;HAIR SH TRESEMME 200ML;2,480;12;0,20667
BEAUTY;HAIR;HAIR;HAIR;CONDICIONADORES;TRESEMME;6H8;HAIR CO TRESEMME 200ML;2,380;12;0,19833
BEAUTY;HAIR;HAIR;HAIR;TRATAMENTO PARA CABELO;SEDA;6RF;HAIR CRPE SEDA REGULAR 1KG;6,000;6;1,00000
BEAUTY;HAIR;BABY;BABY DOVE;TRATAMENTO PARA CABELO;BABY DOVE;6SB;HAIR CRPE DOVE BABY 150ML;1,800;12;0,15000
BEAUTY;HAIR;HAIR;HAIR;TRATAMENTO PARA CABELO;SEDA;6TX;HAIR CRPE SEDA BOOM 1KG;6,000;6;1,00000
BEAUTY;HAIR;HAIR;HAIR;TRATAMENTO PARA CABELO;SEDA;6WM;HAIR SPRAY SEDA BOOM 125ML;0,738;6;0,12300
BEAUTY;HAIR;HAIR;HAIR;SHAMPOO;SUAVE;7OW;HAIR SH SUAVE 750ML;9,171;12;0,76425
BEAUTY;HAIR;HAIR;HAIR;CONDICIONADORES;SUAVE;7OY;HAIR CO SUAVE 750ML;8,856;12;0,73800
BEAUTY;HAIR;HAIR;HAIR;TRATAMENTO PARA CABELO;TRESEMME;80K;HAIR CRPE TRESEMME 400ML;4,750;12;0,39583
BEAUTY;HAIR;HAIR;HAIR;TRATAMENTO PARA CABELO;TRESEMME;80M;HAIR CRPE TRESEMME 200ML;2,480;12;0,20667
BEAUTY;HAIR;HAIR;HAIR;MODELADOR;TRESEMME;80O;HAIR GEL TRESEMME 200GR;2,400;12;0,20000
BEAUTY;HAIR;HAIR;HAIR;CONDICIONADORES;DOVE;80Q;HAIR SUPER CO DOVE 170ML;2,020;12;0,16833
BEAUTY;HAIR;HAIR;HAIR;CONDICIONADORES;TRESEMME;8B5;HAIR SUPER CO TRESEMME 170ML;1,990;12;0,16583
BEAUTY;HAIR;HAIR;HAIR;TRATAMENTO PARA CABELO;SEDA;8BQ;HAIR CRTR SEDA BOOM 300ML;1,800;6;0,30000
BEAUTY;HAIR;HAIR;HAIR;TRATAMENTO PARA CABELO;DOVE;8IR;HAIR CRTR 1MIN DOVE 300G;1,800;6;0,30000
BEAUTY;HAIR;HAIR;HAIR;SHAMPOO;LOVE BEAUTY;8IT;HAIR SH LOVE BEAUTY PLANET 300ML;3,683;12;0,30692
BEAUTY;HAIR;HAIR;HAIR;CONDICIONADORES;LOVE BEAUTY;8IV;HAIR CO LOVE BEAUTY PLANET 300ML;3,564;12;0,29700
BEAUTY;HAIR;HAIR;HAIR;TRATAMENTO PARA CABELO;LOVE BEAUTY;8IX;HAIR CRPE LOVE BEAUTY PLANET;2,352;12;0,19600
BEAUTY;HAIR;HAIR;HAIR;TRATAMENTO PARA CABELO;LOVE BEAUTY;8IZ;HAIR CRTR LOVE BEAUTY PLANET;1,140;6;0,19000
BEAUTY;HAIR;HAIR;HAIR;TRATAMENTO PARA CABELO;DOVE;8K4;HAIR CRPE DOVE DAY 2;2,378;12;0,19817
BEAUTY;HAIR;HAIR;HAIR;TRATAMENTO PARA CABELO;DOVE;8K6;HAIR SPRAY DOVE DAY 2;2,364;12;0,19700
BEAUTY;HAIR;HAIR;HAIR;CONDICIONADORES;SEDA;8PK;HAIR SUPER CO SEDA 170ML;1,999;12;0,16658
BEAUTY;HAIR;HAIR;HAIR;TRATAMENTO PARA CABELO;SEDA;9FV;HAIR CRPE SEDA BOOM 400ML;4,705;12;0,39208
BEAUTY;HAIR;HAIR;HAIR;OFERTAS HAIR;LOVE BEAUTY;9K6;HAIR SH+CO LOVE BEAUTY 300ML;4,812;8;0,60150
BEAUTY;HAIR;HAIR;HAIR;TRATAMENTO PARA CABELO;SEDA;9KG;HAIR CRPE SEDA REGULAR 700ML;8,324;12;0,69367
BEAUTY;HAIR;HAIR;HAIR;TRATAMENTO PARA CABELO;NEXXUS;9N2;HAIR SACHET NEXXUS 30G;0,720;24;0,03000
BEAUTY;HAIR;HAIR;HAIR;CONDICIONADORES;SEDA;9TT;HAIR CO SEDA 425ML;4,998;12;0,41650
BEAUTY;HAIR;HAIR;HAIR;CONDICIONADORES;SEDA;9TV;HAIR CO SEDA TRIPACK;3,861;4;0,96525
BEAUTY;HAIR;HAIR;HAIR;SHAMPOO;SEDA;9TX;HAIR SH SEDA 425ML;5,238;12;0,43650
BEAUTY;HAIR;HAIR;HAIR;SHAMPOO;SEDA;9TZ;HAIR SH SEDA TRIPACK;4,005;4;1,00125
BEAUTY;HAIR;HAIR;HAIR;OFERTAS HAIR;DOVE;AMB;HAIR SH DOVE 670ML LV+ PG-;8,300;12;0,69167
BEAUTY;HAIR;HAIR;HAIR;OFERTAS HAIR;SEDA;AMF;HAIR SH SEDA 670ML LV+ PG-;8,257;12;0,68808
BEAUTY;HAIR;HAIR;HAIR;OFERTAS HAIR;TRESEMME;AMH;HAIR SH TRESEMME 670ML LV+ PG-;8,305;12;0,69208
BEAUTY;HAIR;HAIR;HAIR;TRATAMENTO PARA CABELO;DOVE;AVO;HAIR SACHE 1 MIN DOVE 23G;0,563;24;0,02346
BEAUTY;HAIR;HAIR;HAIR;TRATAMENTO PARA CABELO;TRESEMME;AVS;HAIR PROTETOR TERMICO TRESEMME 120ML;0,720;6;0,12000
BEAUTY;HAIR;HAIR;HAIR;TRATAMENTO PARA CABELO;TRESEMME;AVU;HAIR OLEO FINALIZADOR TRESEMME 120ML;0,720;6;0,12000
BEAUTY;HAIR;HAIR;HAIR;TRATAMENTO PARA CABELO;LOVE BEAUTY;AVY;HAIR TONICO LOVE BEAUTY PLANET;1,440;12;0,12000
BEAUTY;HAIR;HAIR;HAIR;MODELADOR;DOVE;AXO;HAIR GEL DOVE MEN 150G;1,800;12;0,15000
BEAUTY;HAIR;HAIR;HAIR;MODELADOR;CLEAR;AXQ;HAIR GEL CLEAR 300G;1,800;6;0,30000
BEAUTY;HAIR;HAIR;HAIR;SHAMPOO;SUAVE;AZF;HAIR SH SUAVE MEN REGULAR;3,974;12;0,33117
BEAUTY;HAIR;HAIR;HAIR;CONDICIONADORES;DOVE;B1N;HAIR CO DOVE 300ML;1,746;6;0,29100
BEAUTY;HAIR;HAIR;HAIR;SHAMPOO;DOVE;B1P;HAIR SH DOVE 300ML;1,854;6;0,30900
BEAUTY;HAIR;HAIR;HAIR;TRATAMENTO PARA CABELO;DOVE;B1R;HAIR CRTR DOVE 190G;1,140;6;0,19000
BEAUTY;HAIR;HAIR;HAIR;TRATAMENTO PARA CABELO;TRESEMME;B3U;HAIR SERUM TRESEMME 170ML;2,040;12;0,17000
BEAUTY;HAIR;HAIR;HAIR;TRATAMENTO PARA CABELO;DOVE;B9P;HAIR CRTR DOVE 500G;3,000;6;0,50000
BEAUTY;HAIR;HAIR;HAIR;OFERTAS HAIR;DOVE;BRK;HAIR SH+CO DOVE PODER DAS PLANTAS;3,600;6;0,60000
BEAUTY;HAIR;HAIR;HAIR;TRATAMENTO PARA CABELO;SEDA;BSZ;HAIR CRPE SEDA 350ML;4,162;12;0,34683
BEAUTY;HAIR;HAIR;HAIR;TRATAMENTO PARA CABELO;SEDA;BT1;HAIR CRTR SEDA 500G;3,000;6;0,50000
BEAUTY;HAIR;HAIR;HAIR;TRATAMENTO PARA CABELO;DOVE;BT3;HAIR CRPE DOVE 355ML;4,388;12;0,36567
BEAUTY;HAIR;HAIR;HAIR;TRATAMENTO PARA CABELO;DOVE;BT5;HAIR BOOSTER DOVE 30ML;0,454;12;0,03783
BEAUTY;HAIR;HAIR;HAIR;SHAMPOO;DOVE;C1H;HAIR SH DOVE MEN+CARE 200ML;2,468;12;0,20567
BEAUTY;HAIR;HAIR;HAIR;OFERTAS HAIR;DOVE;C2T;HAIR SH 350ML+CO 175ML DOVE - PR ESP;4,260;8;0,53250
BEAUTY;HAIR;HAIR;HAIR;CONDICIONADORES;CLEAR;C7Z;HAIR CO CLEAR FEM ANTIQUEDA 300ML;3,492;12;0,29100
BEAUTY;HAIR;HAIR;HAIR;SHAMPOO;CLEAR;C80;HAIR SH CLEAR MASC ANTIQUEDA 300ML;3,708;12;0,30900
BEAUTY;HAIR;HAIR;HAIR;SHAMPOO;CLEAR;C81;HAIR SH CLEAR FEM ANTIQUEDA 300ML;3,708;12;0,30900
BEAUTY;HAIR;HAIR;HAIR;TONICO;CLEAR;C82;HAIR TON CLEAR MASC ANTIQUEDA 100ML;0,603;6;0,10050
BEAUTY;HAIR;HAIR;HAIR;TONICO;CLEAR;C83;HAIR TON CLEAR FEM ANTIQUEDA 60ML;0,362;6;0,06033
BEAUTY;HAIR;HAIR;HAIR;CONDICIONADORES;TRESEMME;C97;HAIR CO TRESEMME 650ML;7,644;12;0,63700
BEAUTY;HAIR;HAIR;HAIR;OFERTAS HAIR;TRESEMME;C99;HAIR SH 350+CO175 TRESEMME - PR ESP;9,464;16;0,59150
BEAUTY;HAIR;HAIR;HAIR;SHAMPOO;TRESEMME;C9B;HAIR SH TRESEMME 650ML;8,034;12;0,66950
BEAUTY;HAIR;HAIR;HAIR;FINALIZADOR;TRESEMME;C9I;HAIR SPRAY FINALIZADOR TRESEMME 60ML;0,674;12;0,05617
BEAUTY;HAIR;HAIR;HAIR;TRATAMENTO PARA CABELO;TRESEMME;C9L;HAIR CRPE TRESEMME 380ML;4,469;12;0,37242
BEAUTY;HAIR;HAIR;HAIR;TRATAMENTO PARA CABELO;DOVE;CA1;HAIR SERUM DOVE 110ML;0,656;6;0,10933
BEAUTY;HAIR;HAIR;HAIR;FINALIZADOR;TRESEMME;CA9;HAIR SPRAY FINALIZADOR TRESEMME 110ML;1,320;12;0,11000
BEAUTY;HAIR;HAIR;HAIR;TRATAMENTO PARA CABELO;TRESEMME;CAA;HAIR PROTETOR TERMICO TRESEMME 110ML;1,320;12;0,11000
BEAUTY;HAIR;HAIR;HAIR;TRATAMENTO PARA CABELO;DOVE;CAP;HAIR CRTR DOVE 270G;1,620;6;0,27000
BEAUTY;HAIR;HAIR;HAIR;TRATAMENTO PARA CABELO;DOVE;CAS;HAIR CRPE DOVE 200ML;2,390;12;0,19917
BEAUTY;HAIR;HAIR;HAIR;TRATAMENTO PARA CABELO;DOVE;CAU;HAIR TRAT NOTURNO DOVE 175ML;1,040;6;0,17333
BEAUTY;HAIR;HAIR;HAIR;TRATAMENTO PARA CABELO;DOVE;CAV;HAIR SERUM MULTI DOVE 175ML;1,040;6;0,17333
BEAUTY;HAIR;HAIR;HAIR;OFERTAS HAIR;CLEAR;CBE;HAIR SH CLEAR MEN 200+30ML GRATIS;2,482;12;0,20683
BEAUTY;HAIR;HAIR;HAIR;TRATAMENTO PARA CABELO;DOVE;CBX;HAIR SERUM DOVE 50ML;0,296;6;0,04933
BEAUTY;HAIR;HAIR;HAIR;TRATAMENTO PARA CABELO;DOVE;CBY;HAIR OLEO FINAL DOVE 110ML;0,650;6;0,10833
BEAUTY;HAIR;HAIR;HAIR;CONDICIONADORES;NEXXUS;CC2;HAIR CO NEXXUS 750ML;8,820;12;0,73500
BEAUTY;HAIR;HAIR;HAIR;TRATAMENTO PARA CABELO;NEXXUS;CC3;HAIR CRTR NEXXUS 300G;1,800;6;0,30000
BEAUTY;HAIR;HAIR;HAIR;SHAMPOO;NEXXUS;CC4;HAIR SH NEXXUS 750ML;9,270;12;0,77250
BEAUTY;HAIR;HAIR;HAIR;FINALIZADOR;SEDA;CD6;GEL SEDA 500G;3,000;6;0,50000
BEAUTY;HAIR;HAIR;HAIR;CONDICIONADORES;SEDA;CDP;HAIR CO SEDA 250ML;2,960;12;0,24667
BEAUTY;HAIR;HAIR;HAIR;FINALIZADOR;SEDA;CDQ;DAY AFTER SEDA 350ML;2,100;6;0,35000
BEAUTY;HAIR;HAIR;HAIR;FINALIZADOR;SEDA;CDR;GELEIA SEDA 500G;3,000;6;0,50000
BEAUTY;HAIR;HAIR;HAIR;FINALIZADOR;SEDA;CDS;SEDA DAY AFTER 200ML;1,190;6;0,19833
BEAUTY;HAIR;HAIR;HAIR;FINALIZADOR;SEDA;CDT;SERUM GEL SEDA 200ML;1,220;6;0,20333
BEAUTY;HAIR;HAIR;HAIR;SHAMPOO;SEDA;CDU;HAIR SH SEDA 250ML;3,090;12;0,25750
BEAUTY;PROFESSIONALS;PROFESSIONAL PC;PROFESSIONALS PC;SHAMPOO;SALON SOLUTIONS;AJ2;SH SALON SOLUTIONS 4,5L;20,380;4;5,09500
BEAUTY;SKIN CARE;SKIN CARE;SKIN CARE;VASELINA SOLIDA;VASENOL;40B;VASELINA SOLIDA VASENOL;1,200;12;0,10000
BEAUTY;SKIN CARE;BABY;BABY DOVE;LOCOES PARA O CORPO;BABY DOVE;47F;LOCAO DOVE BABY;2,448;12;0,20400
BEAUTY;SKIN CARE;SKIN CARE;SKIN CARE;LOCOES PARA O CORPO;VASENOL;60V;LOCAO VASENOL PREMIUM;2,436;12;0,20300
BEAUTY;SKIN CARE;SKIN CARE;SKIN CARE;LOCOES PARA AS MAOS;VASENOL;61K;LOCAO VASENOL HAND REPAIR;0,468;6;0,07800
BEAUTY;SKIN CARE;SKIN CARE;SKIN CARE;LOCOES PARA O CORPO;VASENOL;61L;LOCAO VASENOL CLINICAL;1,248;6;0,20800
BEAUTY;SKIN CARE;SKIN CARE;SKIN CARE;LOCAO FACIAL;SIMPLE;6WA;AGUA MICELAR SIMPLE;2,400;12;0,20000
BEAUTY;SKIN CARE;SKIN CARE;SKIN CARE;LOCAO FACIAL;DOVE;8B1;SAB LIQ FACIAL DOVE 50ML;0,600;12;0,05000
BEAUTY;SKIN CARE;SKIN CARE;SKIN CARE;LOCAO FACIAL;DOVE;8B3;SAB LIQ FACIAL DOVE 100ML;1,200;12;0,10000
BEAUTY;SKIN CARE;SKIN CARE;SKIN CARE;LOCAO FACIAL;SIMPLE;8F5;SAB LIQ FACIAL SIMPLE 150ML;1,836;12;0,15300
BEAUTY;SKIN CARE;SKIN CARE;SKIN CARE;LOCOES PARA O CORPO;VASENOL;8FF;LOCAO VASENOL 200ML;2,436;12;0,20300
BEAUTY;SKIN CARE;SKIN CARE;SKIN CARE;LOCOES PARA O CORPO;VASENOL;8FH;LOCAO VASENOL 400ML;4,836;12;0,40300
BEAUTY;SKIN CARE;SKIN CARE;SKIN CARE;LOCOES PARA O CORPO;DOVE;AIW;LOCAO DOVE 200ML;2,436;12;0,20300
BEAUTY;SKIN CARE;SKIN CARE;SKIN CARE;LOCOES PARA O CORPO;DOVE;AIY;LOCAO DOVE 400ML;4,836;12;0,40300
BEAUTY;SKIN CARE;SKIN CARE;SKIN CARE;LOCOES PARA AS MAOS;DOVE;AJ0;LOCAO DOVE MAOS 75ML;0,468;6;0,07800
BEAUTY;SKIN CARE;SKIN CARE;SKIN CARE;ESPUMA BARBEAR;DOVE;B1Z;ESPUMA BARBEAR DOVE 200ML;2,316;12;0,19300
BEAUTY;SKIN CARE;SKIN CARE;SKIN CARE;LOCOES PARA O CORPO;DOVE;CCG;BALSAMO DOVE CONCENTRADO 90G;1,056;12;0,08800
BEAUTY;SKIN CARE;SKIN CARE;SKIN CARE;LOCOES PARA O CORPO;DOVE;CCH;LOCAO DOVE 380ML;4,560;12;0,38000
BEAUTY;SKIN CARE;SKIN CARE;SKIN CARE;LOCOES PARA O CORPO;DOVE;CCI;SERUM DOVE CONCENTRADO 100ML;1,200;12;0,10000
BEAUTY;SKIN CARE;SKIN CARE;SKIN CARE;LOCOES PARA O CORPO;DOVE;CCJ;LOCAO DOVE 180ML;2,160;12;0,18000
FR;AMIDOS;DRESSINGS;CORN STARCH;HT - AMIDOS;MAIZENA;51P;MAIZENA TRADICIONAL 500G - HT;20,000;40;0,50000
FR;AMIDOS;DRESSINGS;CORN STARCH;HT - AMIDOS;MAIZENA;6S5;MAIZENA TRADICIONAL 200G - HT;10,000;50;0,20000
FR;AMIDOS;DRESSINGS;CORN STARCH;HT - AMIDOS;MAIZENA;6UJ;MAIZENA TRADICIONAL 1KG - HT;20,000;20;1,00000
FR;AMIDOS;DRESSINGS;CORN STARCH;HT - AMIDOS;MAIZENA;9UF;MAIZENA ARROZINA 180GR - HT;9,000;50;0,18000
FR;AMIDOS;DRESSINGS;CORN STARCH;HT - AMIDOS;MAIZENA;9UH;MAIZENA CREMOGEMA 160GR - HT;3,840;24;0,16000
FR;AMIDOS;DRESSINGS;CORN STARCH;HT - AMIDOS;MAIZENA;9UJ;MAIZENA CREMOGEMA 180GR - HT;8,640;48;0,18000
FR;AMIDOS;DRESSINGS;CORN STARCH;HT - AMIDOS;MAIZENA;BDY;MAIZENA CREMOGEMA 380GR - HT;9,120;24;0,38000
FR;AMIDOS;DRESSINGS;CORN STARCH;HT - AMIDOS;MAIZENA;BE0;MAIZENA CREMOGEMA 550GR - HT;6,600;12;0,55000
FR;AMIDOS;DRESSINGS;CORN STARCH;HT - AMIDOS;MAIZENA;BW7;MAIZENA TRADICIONAL 720G - HT;14,400;20;0,72000
FR;BISCOITOS;MAE TERRA;BISCOITOS;BISCOITOS;MAE TERRA;7WK;TRIBOS DOCE 130G;2,340;18;0,13000
FR;BISCOITOS;MAE TERRA;BISCOITOS;BISCOITOS;MAE TERRA;7WM;TRIBOS SALGADO 50G;0,900;18;0,05000
FR;BISCOITOS;MAE TERRA;BISCOITOS;BISCOITOS;MAE TERRA;7WU;ZOORETA BISC 110G;1,980;18;0,11000
FR;BISCOITOS;MAE TERRA;BISCOITOS;BISCOITOS;MAE TERRA;7WW;TRIBOS CRACKER 130G;2,340;18;0,13000
FR;BISCOITOS;MAE TERRA;BISCOITOS;BISCOITOS;MAE TERRA;8HN;TRIBOS MAIZENA 145G;2,610;18;0,14500
FR;BISCOITOS;MAE TERRA;BISCOITOS;BISCOITOS;MAE TERRA;BM8;ZOORETA BITES 80G;0,960;12;0,08000
FR;BISCOITOS;MAE TERRA;BISCOITOS;BISCOITOS;MAE TERRA;BV9;CHOCO COOKIES 80G;1,280;16;0,08000
FR;BISCOITOS;MAE TERRA;BISCOITOS;BISCOITOS;MAE TERRA;BVB;CHOCO BISC 58G;0,928;16;0,05800
FR;CALDOS;SAVOURY;CALDOS;HT - CALDOS;ARISCO;51S;CALDO ARISCO 1L - HT;9,120;480;0,01900
FR;CALDOS;SAVOURY;CALDOS;HT - CALDOS;ARISCO;51T;CALDO ARISCO 3L - HT;9,120;160;0,05700
FR;CALDOS;SAVOURY;CALDOS;HT - CALDOS;ARISCO;51U;CALDO ARISCO 6L - HT;9,120;80;0,11400
FR;CALDOS;SAVOURY;CALDOS;HT - CALDOS;KNORR;51V;CALDO KNORR 1L - HT;9,120;480;0,01900
FR;CALDOS;SAVOURY;CALDOS;HT - CALDOS;KNORR;51W;CALDO KNORR 3L - HT;9,120;160;0,05700
FR;CALDOS;SAVOURY;CALDOS;HT - CALDOS;KNORR;51X;CALDO KNORR 6L - HT;9,120;80;0,11400
FR;CALDOS;SAVOURY;CALDOS;HT - CALDOS;KNORR;9T1;CALDO KNORR 3L ZERO SAL - HT;7,680;160;0,04800
FR;CALDOS;SAVOURY;CALDOS;HT - CALDOS;ARISCO;ATG;CALDO ARISCO EM PO REGULAR - HT;1,680;48;0,03500
FR;CALDOS;SAVOURY;CALDOS;HT - CALDOS;KNORR;ATI;CALDO KNORR EM PO REGULAR - HT;1,680;48;0,03500
FR;CALDOS;SAVOURY;CALDOS;HT - CALDOS;KNORR;B36;CALDO KNORR 8L - HT;9,120;60;0,15200
FR;CALDOS;SAVOURY;CALDOS;HT - CALDOS;KNORR;BEN;CALDO KNORR 6L ZERO SAL - HT;7,680;80;0,09600
FR;KETCHUP;DRESSINGS;KETCHUP;HT - DRESSINGS OUTROS;ARISCO;503;KETCHUP ARISCO - HT;8,880;24;0,37000
FR;KETCHUP;DRESSINGS;KETCHUP;HT - DRESSINGS OUTROS;HELLMANNS;9U9;BARBECUE HELLMANNS SQZ 400GR - HT;4,800;12;0,40000
FR;KETCHUP;DRESSINGS;KETCHUP;HT - DRESSINGS OUTROS;HELLMANNS;ADW;KETCHUP HELLMANNS 380G - HT;9,120;24;0,38000
FR;KETCHUP;DRESSINGS;KETCHUP;HT - DRESSINGS OUTROS;HELLMANNS;ADY;KETCHUP HELLMANNS 178G - HT;4,272;24;0,17800
FR;KETCHUP;DRESSINGS;KETCHUP;HT - DRESSINGS OUTROS;HELLMANNS;AE0;MOLHO 3 EM 1 HELLMANNS - HT;8,880;24;0,37000
FR;MAIONESES;DRESSINGS;MAIONESES;HT - DRESSINGS MAIONESES;HELLMANNS;500;MAYO HELLMANNS PET 250G - HT;6,000;24;0,25000
FR;MAIONESES;DRESSINGS;MAIONESES;HT - DRESSINGS MAIONESES;ARISCO;50T;MAYO ARISCO REGULAR SACHET - HT;4,704;24;0,19600
FR;MAIONESES;DRESSINGS;MAIONESES;HT - DRESSINGS MAIONESES;ARISCO;50U;MAYO ARISCO REGULAR PET 500 - HT;6,000;12;0,50000
FR;MAIONESES;DRESSINGS;MAIONESES;HT - DRESSINGS MAIONESES;HELLMANNS;50W;MAYO HELLMANNS LIGHT PET 500G - HT;6,000;12;0,50000
FR;MAIONESES;DRESSINGS;MAIONESES;HT - DRESSINGS MAIONESES;HELLMANNS;50Y;MAYO HELLMANNS REGULAR SCH 200G - HT;4,800;24;0,20000
FR;MAIONESES;DRESSINGS;MAIONESES;HT - DRESSINGS MAIONESES;HELLMANNS;50Z;MAYO HELLMANNS PET 500G - HT;6,000;12;0,50000
FR;MAIONESES;DRESSINGS;MAIONESES;HT - DRESSINGS MAIONESES;HELLMANNS;52P;MAYO HELLMANNS REGULAR SQUEEZE - HT;8,040;24;0,33500
FR;MAIONESES;DRESSINGS;MAIONESES;HT - DRESSINGS MAIONESES;HELLMANNS;6BK;MAYO HELLMANNS DP 1KG - HT;12,000;12;1,00000
FR;MAIONESES;DRESSINGS;MAIONESES;HT - DRESSINGS MAIONESES;HELLMANNS;6G4;MAYO SQZ+KET SQZ HELLMANNS;8,580;12;0,71500
FR;MAIONESES;DRESSINGS;MAIONESES;HT - DRESSINGS MAIONESES;HELLMANNS;6O7;MAYO HELLMANNS DP 700G - HT;8,400;12;0,70000
FR;MAIONESES;DRESSINGS;MAIONESES;HT - DRESSINGS MAIONESES;HELLMANNS;84K;MAYO HELLMANNS DP 400G - HT;4,800;12;0,40000
FR;MAIONESES;DRESSINGS;MAIONESES;HT - DRESSINGS MAIONESES;ARISCO;84M;MAYO ARISCO REGULAR DP 400G - HT;4,800;12;0,40000
FR;MAIONESES;DRESSINGS;MAIONESES;HT - DRESSINGS MAIONESES;HELLMANNS;9UB;MAYO HELLMANNS PET 657G - HT;7,880;12;0,65667
FR;MAIONESES;DRESSINGS;MAIONESES;HT - DRESSINGS MAIONESES;HELLMANNS;A0X;MAYO HELLMANNS PET 4X500G - HT;6,000;3;2,00000
FR;MAIONESES;DRESSINGS;MAIONESES;HT - DRESSINGS MAIONESES;HELLMANNS;A6D;MAYO HELLMANNS PET 2X500G - HT;6,000;6;1,00000
FR;MAIONESES;DRESSINGS;MAIONESES;HT - DRESSINGS MAIONESES;HELLMANNS;AIG;MAYO HELLMANNS DP 800G - HT;9,600;12;0,80000
FR;MAIONESES;DRESSINGS;MAIONESES;HT - DRESSINGS OUTROS;HELLMANNS;AKC;MOLHO HELLMANNS VEGANO 335G;8,040;24;0,33500
FR;MAIONESES;DRESSINGS;MAIONESES;HT - DRESSINGS MAIONESES;HELLMANNS;B07;MAYO HELLMANNS REGULAR SQUEEZE 750G - HT;9,000;12;0,75000
FR;MAIONESES;DRESSINGS;MAIONESES;HT - DRESSINGS MAIONESES;HELLMANNS;BLS;MAYO HELLMANNS SUPREME SQUEEZE 330G- HT;7,920;24;0,33000
FR;MASSAS;SAVOURY;MASSAS;MASSAS;KNORR;ATK;MACARRAO KNORR FIT;4,200;14;0,30000
FR;MOLHO SALADA;DRESSINGS;PSD;HT - DRESSINGS OUTROS;HELLMANNS;9UD;MOLHO DE SALADA HELLMANNS 210ML - HT;2,600;12;0,21667
FR;MOSTARDA;DRESSINGS;MOSTARDA;HT - DRESSINGS OUTROS;ARISCO;504;MOSTARDA ARISCO - HT;4,800;24;0,20000
FR;MOSTARDA;DRESSINGS;MOSTARDA;HT - DRESSINGS OUTROS;HELLMANNS;52Q;MOSTARDA HELLMANNS SQUEEZE - HT;4,080;24;0,17000
FR;MOSTARDA;DRESSINGS;MOSTARDA;HT - DRESSINGS OUTROS;HELLMANNS;7QO;MOSTARDA HELLMANNS C/ MEL SQZ - HT;4,080;24;0,17000
FR;NATURAIS;MAE TERRA;NATURAIS;OUTROS NATURAIS;MAE TERRA;920;GRAO FEIJAO CARIOCA;9,000;18;0,50000
FR;NATURAIS;MAE TERRA;NATURAIS;OUTROS NATURAIS;MAE TERRA;924;FAROFA;3,600;18;0,20000
FR;NATURAIS;MAE TERRA;NATURAIS;BARRAS - SNACKS;MAE TERRA;7S8;REMIX DISPLAY CAST BR E FRUT TROP 25G;0,450;18;0,02500
FR;NATURAIS;MAE TERRA;NATURAIS;CESTA BASICA;MAE TERRA;7SK;ACUCAR MASCAVO 1KG;10,000;10;1,00000
FR;NATURAIS;MAE TERRA;NATURAIS;CESTA BASICA;MAE TERRA;7SM;ACUCAR MASCAVO 400G;7,200;18;0,40000
FR;NATURAIS;MAE TERRA;NATURAIS;CESTA BASICA;MAE TERRA;7SU;ARROZ INT CATETO C/VERM 500;9,000;18;0,50000
FR;NATURAIS;MAE TERRA;NATURAIS;CESTA BASICA;MAE TERRA;7SY;ARROZ INT LONGO ORG 500G;4,000;8;0,50000
FR;NATURAIS;MAE TERRA;NATURAIS;CESTA BASICA;MAE TERRA;7T0;AVEIA EM FLOCOS 200G;3,060;18;0,17000
FR;NATURAIS;MAE TERRA;NATURAIS;CESTA BASICA;MAE TERRA;7T4;FARELO DE AVEIA 200G;3,060;18;0,17000
FR;NATURAIS;MAE TERRA;NATURAIS;CESTA BASICA;MAE TERRA;7T8;CACAU;1,600;16;0,10000
FR;NATURAIS;MAE TERRA;NATURAIS;CESTA BASICA;MAE TERRA;7TC;CHIA SEMENTE ORG 100G;1,000;10;0,10000
FR;NATURAIS;MAE TERRA;NATURAIS;CESTA BASICA;MAE TERRA;7TE;FARINHA ARROZ INT ORG;2,000;10;0,20000
FR;NATURAIS;MAE TERRA;NATURAIS;CESTA BASICA;MAE TERRA;7TG;FARINHA TRIGO INT ORG;5,000;10;0,50000
FR;NATURAIS;MAE TERRA;NATURAIS;CESTA BASICA;MAE TERRA;7TK;SEMENTE DE LINHACA MARROM 200G;3,600;18;0,20000
FR;NATURAIS;MAE TERRA;NATURAIS;CESTA BASICA;MAE TERRA;7TO;QUINUA GRAOS ORG;2,500;10;0,25000
FR;NATURAIS;MAE TERRA;NATURAIS;CESTA BASICA;MAE TERRA;7TW;TRATO MIX 200G;2,000;10;0,20000
FR;NATURAIS;MAE TERRA;NATURAIS;GRANOLAS;MAE TERRA;7TY;GRANOLA 800G;9,600;12;0,80000
FR;NATURAIS;MAE TERRA;NATURAIS;GRANOLAS;MAE TERRA;7U2;GRANOLA 250G;3,500;14;0,25000
FR;NATURAIS;MAE TERRA;NATURAIS;MINICOOKIES;MAE TERRA;7UA;MINICOOKIE 120G;1,440;12;0,12000
FR;NATURAIS;MAE TERRA;NATURAIS;MINICOOKIES;MAE TERRA;7UE;MINICOOKIE 25G;0,700;28;0,02500
FR;NATURAIS;MAE TERRA;NATURAIS;OUTROS NATURAIS;MAE TERRA;7UK;GERGELIM;2,000;10;0,20000
FR;NATURAIS;MAE TERRA;NATURAIS;MINICOOKIES;MAE TERRA;7WI;MINICOOKIE LIGHT 120G;1,440;12;0,12000
FR;NATURAIS;MAE TERRA;NATURAIS;CESTA BASICA;MAE TERRA;7XM;TRATO TRIO 200G;2,000;10;0,20000
FR;NATURAIS;MAE TERRA;NATURAIS;CESTA BASICA;MAE TERRA;7XO;TRATO FIT 200G;2,000;10;0,20000
FR;NATURAIS;MAE TERRA;NATURAIS;BARRAS - SNACKS;MAE TERRA;7XU;REMIX DISPLAY FRUT VERM+ACAI+GRAOS;0,450;18;0,02500
FR;NATURAIS;MAE TERRA;NATURAIS;CESTA BASICA;MAE TERRA;8HH;AVEIA FLOCOS GROSSOS 180G;2,040;12;0,17000
FR;NATURAIS;MAE TERRA;NATURAIS;CESTA BASICA;MAE TERRA;91Q;FARINHA DE COCO;2,400;12;0,20000
FR;NATURAIS;MAE TERRA;NATURAIS;CESTA BASICA;MAE TERRA;91S;FARINHA FUBA;9,000;18;0,50000
FR;NATURAIS;MAE TERRA;NATURAIS;CESTA BASICA;MAE TERRA;91W;FARINHA POLVILHO AZEDO;4,800;12;0,40000
FR;NATURAIS;MAE TERRA;NATURAIS;OUTROS NATURAIS;MAE TERRA;91Y;GRAO DE BICO;4,800;12;0,40000
FR;NATURAIS;MAE TERRA;NATURAIS;BARRAS - SNACKS;MAE TERRA;A0T;REMIX DISPLAY CACAU 25G;0,450;18;0,02500
FR;NATURAIS;MAE TERRA;NATURAIS;BARRAS - SNACKS;MAE TERRA;A0V;REMIX DISPLAY SEMENTES 25G;0,450;18;0,02500
FR;NATURAIS;MAE TERRA;NATURAIS;GRANOLAS;MAE TERRA;AGY;GRANOLA CROCANTE 1KG;9,000;9;1,00000
FR;NATURAIS;MAE TERRA;NATURAIS;GRANOLAS;MAE TERRA;AKG;GRANOLA DISPLAY;2,880;96;0,03000
FR;NATURAIS;MAE TERRA;NATURAIS;BARRAS - SNACKS;MAE TERRA;AKY;BARRA NUTS;1,200;48;0,02500
FR;NATURAIS;MAE TERRA;NATURAIS;CESTA BASICA;MAE TERRA;AVC;RITTO COGUMELO;1,360;8;0,17000
FR;NATURAIS;MAE TERRA;NATURAIS;CESTA BASICA;MAE TERRA;AVQ;RITTO 400G;3,200;8;0,40000
FR;NATURAIS;MAE TERRA;NATURAIS;GRANOLAS;MAE TERRA;AZ8;GRANOLA 200G;2,400;12;0,20000
FR;NATURAIS;MAE TERRA;NATURAIS;BARRAS - SNACKS;MAE TERRA;B5Z;BARRA PROTEICA;1,440;36;0,04000
FR;NATURAIS;MAE TERRA;NATURAIS;CESTA BASICA;MAE TERRA;BLY;CACAU 70%;2,040;12;0,17000
FR;NATURAIS;MAE TERRA;NATURAIS;GRANOLAS;MAE TERRA;BOY;GRANOLA 180G;2,160;12;0,18000
FR;NATURAIS;MAE TERRA;NATURAIS;BARRAS - SNACKS;MAE TERRA;BUZ;BARRAS FIBRAS;0,810;15;0,05400
FR;NATURAIS;MAE TERRA;NATURAIS;GRANOLAS;MAE TERRA;C70;GRANOLA 400G;4,800;12;0,40000
FR;OTHERS FOODS;SAVOURY;OTHERS FOODS;HT - OUTROS NEW VITALITY;ARISCO;51Q;GELEIA MOCOTO ARISCO - HT;5,940;27;0,22000
FR;OTHERS FOODS;SAVOURY;OTHERS FOODS;HT - DESSERTS;KARO;51R;MEL KARO - HT;4,200;12;0,35000
FR;PARCERIAS;PARCERIAS;VEGETAIS;VEGETAIS FR;KNORR;7YA;AG VEGETAIS KNORR ERVILHA TRAD 170G;6,960;24;0,29000
FR;PARCERIAS;PARCERIAS;VEGETAIS;VEGETAIS FR;KNORR;7YC;AG VEGETAIS KNORR MILHO TRAD 170G;6,960;24;0,29000
FR;PARCERIAS;PARCERIAS;VEGETAIS;VEGETAIS FR;KNORR;7YE;AG VEGETAIS KNORR SELETA TRAD 170G;6,960;24;0,29000
FR;PARCERIAS;PARCERIAS;VEGETAIS;VEGETAIS FR;KNORR;7YG;AG VEGETAIS KNORR GRAO BICO TRAD 170G;6,960;24;0,29000
FR;PARCERIAS;PARCERIAS;VEGETAIS;VEGETAIS FR;KNORR;7YI;AG VEGETAIS KNORR DUETO TRAD 170G;6,960;24;0,29000
FR;PARCERIAS;PARCERIAS;VEGETAIS;VEGETAIS FR;BONDUELLE;7YK;AG VEGETAIS BONDU MILHO SUAVE 200G;5,810;24;0,24208
FR;PARCERIAS;PARCERIAS;VEGETAIS;VEGETAIS FR;BONDUELLE;7YM;AG VEGETAIS BONDU ERVILHA SUAVE 200G;7,200;24;0,30000
FR;PARCERIAS;PARCERIAS;VEGETAIS;VEGETAIS FR;BONDUELLE;7YO;AG VEGETAIS BONDU DUETO 200G;7,200;24;0,30000
FR;PARCERIAS;PARCERIAS;VEGETAIS;VEGETAIS FR;BONDUELLE;7YQ;AG VEGETAIS BONDU SELETA SUAVE 200G;7,200;24;0,30000
FR;PARCERIAS;PARCERIAS;VEGETAIS;VEGETAIS FR;BONDUELLE;7YS;AG VEGETAIS BONDU GRAO BICO 200G;7,200;24;0,30000
FR;PARCERIAS;PARCERIAS;VEGETAIS;VEGETAIS FR;BONDUELLE;7YU;AG VEGETAIS BONDU MILHO NAT 200G;5,810;24;0,24208
FR;PARCERIAS;PARCERIAS;VEGETAIS;VEGETAIS FR;BONDUELLE;7YW;AG VEGETAIS BONDU ERVILHA NAT 200G;7,200;24;0,30000
FR;PARCERIAS;PARCERIAS;VEGETAIS;VEGETAIS FR;BONDUELLE;7YY;AG VEGETAIS BONDU ERVILHA TRAD 170G;7,200;24;0,30000
FR;PARCERIAS;PARCERIAS;VEGETAIS;VEGETAIS FR;BONDUELLE;7Z0;AG VEGETAIS BONDU MILHO TRAD 170G;5,810;24;0,24208
FR;PARCERIAS;SAVOURY;AG MASSAS;MASSAS;KNORR;8DG;AG MACARRAO KNORR GRANO DURO 500G;15,000;30;0,50000
FR;PARCERIAS;SAVOURY;AG MASSAS;MASSAS;KNORR;8DI;AG MACARRAO KNORR INTEGRAL 500G;15,000;30;0,50000
FR;PARCERIAS;SAVOURY;AG MASSAS;MASSAS;KNORR;8DK;AG MACARRAO KNORR SEMOLA OVOS 500G;15,000;30;0,50000
FR;PARCERIAS;SAVOURY;AG MASSAS;MASSAS;KNORR;8DM;AG MACARRAO KNORR SEMOLA 500G;15,000;30;0,50000
FR;PARCERIAS;PARCERIAS;VEGETAIS;VEGETAIS FR;KNORR;9QV;AG VEGETAIS KNORR MIX VEGETAIS 170G;6,960;24;0,29000
FR;SNACKS;MAE TERRA;SNACKS;SNACKS;MAE TERRA;93I;CHIPS BATATA;0,576;18;0,03200
FR;SNACKS;MAE TERRA;SNACKS;SNACKS;MAE TERRA;93K;CHIPS BATATA DOCE;0,384;12;0,03200
FR;SNACKS;MAE TERRA;SNACKS;SNACKS;MAE TERRA;93M;CHIPS FRUTAS - MACA;0,384;12;0,03200
FR;SNACKS;MAE TERRA;SNACKS;SNACKS;MAE TERRA;93O;PIPOCA DOCE;0,810;18;0,04500
FR;SNACKS;MAE TERRA;SNACKS;SNACKS;MAE TERRA;93S;ZOORETA SALGADO EXTRUSADOS;0,810;18;0,04500
FR;SNACKS;MAE TERRA;SNACKS;SNACKS;MAE TERRA;B61;CHIPS CONVENCIONAIS;0,840;12;0,07000
FR;SOPAS;SAVOURY;SOUPS;HT - SOPAS;ARISCO;510;SOPA ARISCO CREME - HT;0,732;12;0,06100
FR;SOPAS;SAVOURY;SOUPS;HT - SOPAS;KNORR;512;SOPA KNORR CREME - HT;0,720;12;0,06000
FR;SOPAS;SAVOURY;SOUPS;HT - SOPAS;KNORR;514;SOPA KNORR SOPAO - HT;4,290;22;0,19500
FR;SOPAS;SAVOURY;SOUPS;HT - SOPAS;ARISCO;48R;SOPA ARISCO SOPAO - HT;3,520;22;0,16000
FR;TEMPEROS;SAVOURY;TEMPEROS;HT - TEMPEROS;ARISCO;515;TEMPERO ARISCO PASTA - HT;7,200;24;0,30000
FR;TEMPEROS;SAVOURY;MEAL MAKERS;HT - TEMPEROS;KNORR;518;TEMPERO KNORR MEUS ASSADOS - HT;0,375;15;0,02500
FR;TEMPEROS;SAVOURY;TEMPEROS;HT - TEMPEROS;KNORR;52C;TEMPERO KNORR PIMENTA - HT;3,900;24;0,16250
FR;TEMPEROS;SAVOURY;TEMPEROS;HT - TEMPEROS;KNORR;BUL;KNORR MOLHO ALHO - HT;3,720;24;0,15500
FR;TEMPEROS;SAVOURY;TEMPEROS;HT - TEMPEROS;KNORR;BUN;KNORR MOLHO SHOYU - HT;3,970;24;0,16542
FR;TEMPEROS;SAVOURY;TEMPEROS;HT - TEMPEROS;ARISCO;BUR;ARISCO TEMP EM PO - HT;1,200;24;0,05000
FR;TEMPEROS;SAVOURY;TEMPEROS;HT - TEMPEROS;KNORR;BUT;KNORR TEMP EM PO - HT;1,200;24;0,05000
FR;TEMPEROS;SAVOURY;TEMPEROS;HT - TEMPEROS;KNORR;BUV;KNORR TEMP ZERO ADICAO SAL - HT;0,768;24;0,03200
HC;BLEACH;OUTROS HC;BLEACH;AS/ALVEJANTES;BRILHANTE;419;AGUA SANITARIA BRILHANTE;12,648;6;2,10800
HC;BLEACH;OUTROS HC;BLEACH;AS/ALVEJANTES;BRILHANTE;42A;ALVEJANTE BRILHANTE;12,648;6;2,10800
HC;CLEANERS;OUTROS HC;CLEANERS;LIMPADORES;CIF;40F;LIMPADOR CIF SAPONACEO 450ML;7,841;12;0,65342
HC;CLEANERS;OUTROS HC;CLEANERS;LIMPADORES;CIF;40G;LIMPADOR CIF SAPONACEO 250ML;4,356;12;0,36300
HC;CLEANERS;OUTROS HC;CLEANERS;LIMPADORES;CIF;42I;LIMPADOR CIF BANHEIRO DP;6,845;15;0,45633
HC;CLEANERS;OUTROS HC;CLEANERS;LIMPADORES;CIF;42J;LIMPADOR CIF DESENGORDURANTE DP;6,845;15;0,45633
HC;CLEANERS;OUTROS HC;CLEANERS;LIMPADORES;CIF;42L;LIMPADOR CIF VIDROS DP;6,845;15;0,45633
HC;CLEANERS;OUTROS HC;CLEANERS;LIMPADORES;CIF;5T1;LIMPADOR CIF BANHEIRO GTL;6,150;12;0,51250
HC;CLEANERS;OUTROS HC;CLEANERS;LIMPADORES;CIF;5TA;LIMPADOR CIF BANHEIRO SPRAY;6,045;12;0,50375
HC;CLEANERS;OUTROS HC;CLEANERS;LIMPADORES;CIF;5TC;LIMPADOR CIF DESENGORDURANTE GTL;6,150;12;0,51250
HC;CLEANERS;OUTROS HC;CLEANERS;LIMPADORES;CIF;5TG;LIMPADOR CIF DESENGORDURANTE SPRAY;6,045;12;0,50375
HC;CLEANERS;OUTROS HC;CLEANERS;LIMPADORES;CIF;5TI;LIMPADOR CIF VIDROS GTL;6,150;12;0,51250
HC;CLEANERS;OUTROS HC;CLEANERS;LIMPADORES;CIF;83A;LIMPADOR CIF MULTIUSO 500ML;11,880;24;0,49500
HC;CLEANERS;OUTROS HC;CLEANERS;LIMPADORES;VIM;84W;VIM PASTILHA ADESIVA;0,600;20;0,03000
HC;CLEANERS;OUTROS HC;CLEANERS;LIMPADORES;VIM;8AC;LIMPADOR VIM CLORO ATIVADO 700ML;8,904;12;0,74200
HC;CLEANERS;OUTROS HC;CLEANERS;LIMPADORES;CIF;9X9;LIMPADOR CIF SAPONACEO GEL 475G;5,700;12;0,47500
HC;CLEANERS;OUTROS HC;CLEANERS;LIMPADORES;CIF;9Y7;LIMPADOR CIF PERFUMADO 1,75L;10,531;6;1,75517
HC;CLEANERS;OUTROS HC;CLEANERS;LIMPADORES;CIF;9YA;LIMPADOR CIF PERFUMADO 450ML;5,420;12;0,45167
HC;CLEANERS;OUTROS HC;CLEANERS;LIMPADORES;CIF;9YC;LIMPADOR CIF PERFUMADO 900ML;10,832;12;0,90267
HC;CLEANERS;OUTROS HC;CLEANERS;LIMPADORES;CIF;9YK;LIMPADOR CIF WIPES 36 UND;8,210;32;0,25656
HC;CLEANERS;OUTROS HC;CLEANERS;LIMPADORES;OMO;9YM;LIMPADOR OMO DESINFETANTE 1,75L;10,542;6;1,75700
HC;CLEANERS;OUTROS HC;CLEANERS;LIMPADORES;OMO;9YO;LIMPADOR OMO DESINFETANTE 1L;12,044;12;1,00367
HC;CLEANERS;OUTROS HC;CLEANERS;LIMPADORES;OMO;9YQ;LIMPADOR OMO DESINFETANTE 500ML;6,022;12;0,50183
HC;CLEANERS;OUTROS HC;CLEANERS;LIMPADORES;CIF;9ZY;LIMPADOR CIF BANHEIRO TIRA LIMO DP;6,845;15;0,45633
HC;CLEANERS;OUTROS HC;CLEANERS;LIMPADORES;CIF;A03;LIMPADOR CIF BANHEIRO TIRA LIMO GTL;6,150;12;0,51250
HC;CLEANERS;OUTROS HC;CLEANERS;LIMPADORES;CIF;A05;LIMPADOR CIF BANHEIRO TIRA LIMO SPRAY;6,045;12;0,50375
HC;CLEANERS;OUTROS HC;CLEANERS;LIMPADORES;CIF;A1G;LIMPADOR CIF VIDROS SPRAY;6,050;12;0,50417
HC;CLEANERS;OUTROS HC;CLEANERS;LIMPADORES;CIF;AB5;LIMPADOR CIF ALCOOL SPRAY;5,928;12;0,49400
HC;CLEANERS;OUTROS HC;CLEANERS;LIMPADORES;SETIMA GERACAO;AGE;LIMPADOR SETIMA GERACAO BANHEIRO 500ML;6,020;12;0,50167
HC;CLEANERS;OUTROS HC;CLEANERS;LIMPADORES;SETIMA GERACAO;AGG;LIMPADOR SETIMA GERACAO DESENG 500ML;6,020;12;0,50167
HC;CLEANERS;OUTROS HC;CLEANERS;LIMPADORES;SETIMA GERACAO;AGI;LIMPADOR SETIMA GERACAO MULTIUSO 500ML;6,020;12;0,50167
HC;CLEANERS;OUTROS HC;CLEANERS;LIMPADORES;CIF;AUW;LIMPADOR CIF PERFUMADO 3L;12,044;4;3,01100
HC;CLEANERS;OUTROS HC;CLEANERS;LIMPADORES;OMO;AV2;LIMPADOR OMO DESINFETANTE 3L;12,044;4;3,01100
HC;CLEANERS;OUTROS HC;CLEANERS;LIMPADORES;OMO;AV4;LIMPADOR OMO DESINFETANTE GTL 500ML;6,022;12;0,50183
HC;CLEANERS;OUTROS HC;CLEANERS;LIMPADORES;OMO;AV6;LIMPADOR OMO MULTIUSO 500ML;5,940;12;0,49500
HC;CLEANERS;OUTROS HC;CLEANERS;LIMPADORES;CIF;BSL;LIMPADOR CIF MULTIUSO ANTIBAC 500ML;12,044;24;0,50183
HC;CLEANERS;OUTROS HC;CLEANERS;LIMPADORES;CIF;C84;LIMPADOR CIF DERRETE GORDURA GTL;6,150;12;0,51250
HC;CLEANERS;OUTROS HC;CLEANERS;LIMPADORES;CIF;C85;LIMPADOR CIF DERRETE GORDURA DP;6,845;15;0,45633
HC;CONDITIONERS;AMACIANTES;CONDITIONERS;AMACIANTES CONCENTRADOS;FOFO;415;AMACIANTE FOFO CONCENTRADO 500ML;6,030;12;0,50250
HC;CONDITIONERS;OUTROS HC;FACILITADOR PASSAR;FACILITADOR DE PASSAR;COMFORT;418;AMACIANTE PASS COMFORT;5,980;12;0,49833
HC;CONDITIONERS;AMACIANTES;CONDITIONERS;AMACIANTES CONCENTRADOS;COMFORT;917;AMACIANTE COMFORT CONCENTRADO 1,5L;13,500;9;1,50000
HC;CONDITIONERS;AMACIANTES;CONDITIONERS;AMACIANTES CONCENTRADOS;COMFORT;4PW;AMACIANTE COMFORT CONCENTRADO 500ML;6,000;12;0,50000
HC;CONDITIONERS;AMACIANTES;CONDITIONERS;AMACIANTES CONCENTRADOS;COMFORT;4PY;AMACIANTE COMFORT CONCENTRADO 1L;12,000;12;1,00000
HC;CONDITIONERS;AMACIANTES;CONDITIONERS;AMACIANTES DILUIDOS;COMFORT;61Z;AMACIANTE COMFORT DILUIDO 2L;12,000;6;2,00000
HC;CONDITIONERS;AMACIANTES;CONDITIONERS;AMACIANTES CONCENTRADOS;COMFORT;6KV;AMACIANTE COMFORT CONC PREMIUM 500ML;6,000;12;0,50000
HC;CONDITIONERS;AMACIANTES;CONDITIONERS;AMACIANTES CONCENTRADOS;COMFORT;6KZ;AMACIANTE COMFORT CONC PREMIUM 1L;12,000;12;1,00000
HC;CONDITIONERS;AMACIANTES;CONDITIONERS;AMACIANTES CONCENTRADOS;FOFO;6U7;AMACIANTE FOFO CONCENTRADO DOYPACK 900ML;10,850;12;0,90417
HC;CONDITIONERS;AMACIANTES;CONDITIONERS;AMACIANTES CONCENTRADOS;COMFORT;6UB;AMACIANTE COMFORT CONC DOYPACK 900ML;11,156;12;0,92967
HC;CONDITIONERS;AMACIANTES;CONDITIONERS;AMACIANTES DILUIDOS;COMFORT;A15;AMACIANTE COMFORT DILUIDO 1,8L;10,770;6;1,79500
HC;CONDITIONERS;AMACIANTES;CONDITIONERS;AMACIANTES DILUIDOS;COMFORT;A17;AMACIANTE COMFORT DILUIDO 3L;11,960;4;2,99000
HC;CONDITIONERS;AMACIANTES;CONDITIONERS;AMACIANTES DILUIDOS;FOFO;A19;AMACIANTE FOFO DILUIDO 1,8L;10,770;6;1,79500
HC;CONDITIONERS;AMACIANTES;CONDITIONERS;AMACIANTES DILUIDOS;FOFO;A1B;AMACIANTE FOFO DILUIDO 3L;12,400;4;3,10000
HC;CONDITIONERS;AMACIANTES;CONDITIONERS;AMACIANTES CONCENTRADOS;FOFO;A7L;AMACIANTE FOFO CONCENTRADO 1L;12,060;12;1,00500
HC;CONDITIONERS;AMACIANTES;CONDITIONERS;AMACIANTES CONCENTRADOS;COMFORT;BK1;AMACIANTE COMFORT CONCENTRADO 3L;12,444;4;3,11100
HC;CONDITIONERS;AMACIANTES;CONDITIONERS;AMACIANTES CONCENTRADOS;COMFORT;C9U;AMACIANTE COMFORT CONC PREMIUM 1,5L;14,740;9;1,63778
HC;CONDITIONERS;AMACIANTES;CONDITIONERS;AMACIANTES CONCENTRADOS;COMFORT;C9V;AMACIANTE COMFORT CONCENTRADO 1,8L;11,340;6;1,89000
HC;CONDITIONERS;AMACIANTES;CONDITIONERS;AMACIANTES CONCENTRADOS;COMFORT;C9X;AMACIANTE COMFORT CONCENTRADO DP 1,4L;11,300;8;1,41250
HC;CONDITIONERS;AMACIANTES;CONDITIONERS;AMACIANTES CONCENTRADOS;COMFORT;C9Y;AMACIANTE COMFORT CONCENTRADO DP 400ML;4,900;12;0,40833
HC;CONDITIONERS;AMACIANTES;CONDITIONERS;AMACIANTES CONCENTRADOS;FOFO;C9Z;AMACIANTE FOFO CONCENTRADO 1,5L;13,500;9;1,50000
HC;CONDITIONERS;AMACIANTES;CONDITIONERS;AMACIANTES CONCENTRADOS;FOFO;CB5;AMACIANTE FOFO CONCENTRADO 500ML (NOVO);6,000;12;0,50000
HC;CONDITIONERS;AMACIANTES;CONDITIONERS;AMACIANTES CONCENTRADOS;FOFO;CB6;AMACIANTE FOFO CONCENTRADO 1L (NOVO);12,000;12;1,00000
HC;CONDITIONERS;AMACIANTES;CONDITIONERS;AMACIANTES CONCENTRADOS;FOFO;CB7;AMACIANTE FOFO CONCENTRADO 900ML (NOVO);11,869;12;0,98908
HC;CONDITIONERS;AMACIANTES;CONDITIONERS;AMACIANTES CONCENTRADOS;COMFORT;CBJ;DET PO OMO 1,6KG+COMFORT 500ML;9,600;4;2,40000
HC;FABRIC POWDERS;FABRIC POWDERS;FABRIC POWDERS;DETERGENTE LIQUIDO;OMO;397;DET LIQ OMO 3L;12,396;4;3,09900
HC;FABRIC POWDERS;FABRIC POWDERS;FABRIC POWDERS;DETERGENTES EM PO;ALA;399;DET PO ALA 1KG;18,000;18;1,00000
HC;FABRIC POWDERS;FABRIC POWDERS;FABRIC POWDERS;DETERGENTE LIQUIDO;OMO;909;DET LIQ OMO ROUPAS DELICADAS 900ML;11,178;12;0,93150
HC;FABRIC POWDERS;FABRIC POWDERS;FABRIC POWDERS;DETERGENTES EM PO;OMO;930;DET PO OMO 800G (NOVO);12,800;16;0,80000
HC;FABRIC POWDERS;FABRIC POWDERS;FABRIC POWDERS;DETERGENTE LIQUIDO;ALA;41E;DET LIQ ALA 3L;12,396;4;3,09900
HC;FABRIC POWDERS;FABRIC POWDERS;FABRIC POWDERS;DETERGENTES EM PO;ALA;41P;DET PO ALA 500G;13,500;27;0,50000
HC;FABRIC POWDERS;FABRIC POWDERS;FABRIC POWDERS;DETERGENTE LIQUIDO;BRILHANTE;46G;DET LIQ BRILHANTE 3L;12,396;4;3,09900
HC;FABRIC POWDERS;FABRIC POWDERS;FABRIC POWDERS;DETERGENTE LIQUIDO;BRILHANTE;46Q;DET LIQ BRILHANTE 5L;10,300;2;5,15000
HC;FABRIC POWDERS;FABRIC POWDERS;FABRIC POWDERS;DETERGENTE LIQUIDO;OMO;46R;DET LIQ OMO 5L;10,330;2;5,16500
HC;FABRIC POWDERS;FABRIC POWDERS;FABRIC POWDERS;DETERGENTE LIQUIDO;SURF;60H;DET LIQ SURF 3L;12,324;4;3,08100
HC;FABRIC POWDERS;FABRIC POWDERS;FABRIC POWDERS;DETERGENTE LIQUIDO;OMO;81E;DET LIQ OMO CONC REFIL 500ML;6,360;12;0,53000
HC;FABRIC POWDERS;FABRIC POWDERS;FABRIC POWDERS;DETERGENTE LIQUIDO;OMO;90B;DET LIQ OMO 900ML;11,156;12;0,92967
HC;FABRIC POWDERS;FABRIC POWDERS;FABRIC POWDERS;DETERGENTES EM PO;OMO;90J;DET PO OMO 1,6KG;11,200;7;1,60000
HC;FABRIC POWDERS;FABRIC POWDERS;FABRIC POWDERS;DETERGENTES EM PO;OMO;90L;DET PO OMO 400G;10,800;27;0,40000
HC;FABRIC POWDERS;FABRIC POWDERS;FABRIC POWDERS;DETERGENTES EM PO;OMO;90P;DET PO OMO 2,4KG;14,400;6;2,40000
HC;FABRIC POWDERS;FABRIC POWDERS;FABRIC POWDERS;DETERGENTE LIQUIDO;OMO;97I;DET LIQ OMO ALTA EFICIENCIA 1050ML;13,104;12;1,09200
HC;FABRIC POWDERS;FABRIC POWDERS;FABRIC POWDERS;DETERGENTES EM PO;COMFORT;9EC;DET PO COMFORT 800G;16,000;20;0,80000
HC;FABRIC POWDERS;FABRIC POWDERS;FABRIC POWDERS;DETERGENTES EM PO;COMFORT;9EE;DET PO COMFORT 1,6KG;14,400;9;1,60000
HC;FABRIC POWDERS;FABRIC POWDERS;FABRIC POWDERS;DETERGENTE LIQUIDO;COMFORT;9EG;DET LIQ COMFORT 3L;12,000;4;3,00000
HC;FABRIC POWDERS;FABRIC POWDERS;FABRIC POWDERS;DETERGENTE LIQUIDO;COMFORT;9EI;DET LIQ COMFORT 900ML;10,800;12;0,90000
HC;FABRIC POWDERS;FABRIC POWDERS;FABRIC POWDERS;DETERGENTE LIQUIDO;OMO;9GM;DET LIQ OMO ROUPAS DELICADAS 450ML;5,570;12;0,46417
HC;FABRIC POWDERS;FABRIC POWDERS;FABRIC POWDERS;DETERGENTE LIQUIDO;SETIMA GERACAO;9JE;DET LIQ SETIMA GERACAO 1L;12,400;12;1,03333
HC;FABRIC POWDERS;FABRIC POWDERS;FABRIC POWDERS;DETERGENTE LIQUIDO;SETIMA GERACAO;9JG;DET LIQ SETIMA GERACAO 3L;12,400;4;3,10000
HC;FABRIC POWDERS;FABRIC POWDERS;FABRIC POWDERS;DETERGENTE LIQUIDO;BRILHANTE;9KN;DET LIQ BRILHANTE 900ML;11,090;12;0,92417
HC;FABRIC POWDERS;FABRIC POWDERS;FABRIC POWDERS;DETERGENTES EM PO;BRILHANTE;9KP;DET PO BRILHANTE 400G;10,800;27;0,40000
HC;FABRIC POWDERS;FABRIC POWDERS;FABRIC POWDERS;DETERGENTES EM PO;BRILHANTE;9KR;DET PO BRILHANTE 800G;12,800;16;0,80000
HC;FABRIC POWDERS;FABRIC POWDERS;FABRIC POWDERS;DETERGENTES EM PO;BRILHANTE;9KT;DET PO BRILHANTE 1,6KG;11,200;7;1,60000
HC;FABRIC POWDERS;FABRIC POWDERS;FABRIC POWDERS;DETERGENTES EM PO;BRILHANTE;9KV;DET PO BRILHANTE 2,4KG;14,400;6;2,40000
HC;FABRIC POWDERS;FABRIC POWDERS;FABRIC POWDERS;DETERGENTES EM PO;SURF;9KZ;DET PO SURF 800G;12,800;16;0,80000
HC;FABRIC POWDERS;FABRIC POWDERS;FABRIC POWDERS;DETERGENTES EM PO;SURF;9L1;DET PO SURF 1,6KG;11,200;7;1,60000
HC;FABRIC POWDERS;FABRIC POWDERS;FABRIC POWDERS;DETERGENTES EM PO;OMO;9NS;DET PO OMO 2,2KG;13,200;6;2,20000
HC;FABRIC POWDERS;FABRIC POWDERS;FABRIC POWDERS;DETERGENTES EM PO;OMO;9NU;DET PO OMO 4KG (NOVO);16,000;4;4,00000
HC;FABRIC POWDERS;FABRIC POWDERS;FABRIC POWDERS;DETERGENTES EM PO;COMFORT;9SL;DET PO COMFORT 2,2KG;19,800;9;2,20000
HC;FABRIC POWDERS;FABRIC POWDERS;FABRIC POWDERS;DETERGENTES EM PO;OMO;9ZU;DET PO OMO 400G - CARTUCHO;9,600;24;0,40000
HC;FABRIC POWDERS;FABRIC POWDERS;FABRIC POWDERS;DETERGENTES EM PO;SURF;A2I;DET PO SURF 2,4KG;14,400;6;2,40000
HC;FABRIC POWDERS;FABRIC POWDERS;FABRIC POWDERS;DETERGENTES EM PO;OMO;ABN;DET PO OMO 800G - SANITIZANTE;16,000;20;0,80000
HC;FABRIC POWDERS;FABRIC POWDERS;FABRIC POWDERS;DETERGENTES EM PO;OMO;ABP;DET PO OMO 1,6KG - SANITIZANTE;14,400;9;1,60000
HC;FABRIC POWDERS;FABRIC POWDERS;FABRIC POWDERS;DETERGENTES EM PO;OMO;AHC;DET PO OMO 2,2KG - SANITIZANTE;19,800;9;2,20000
HC;FABRIC POWDERS;FABRIC POWDERS;FABRIC POWDERS;DETERGENTES EM PO;OMO;AHE;DET PO OMO 2,4KG - SANITIZANTE;14,400;6;2,40000
HC;FABRIC POWDERS;FABRIC POWDERS;FABRIC POWDERS;DETERGENTE LIQUIDO;BRILHANTE;AII;DET LIQ BRILHANTE CONC REFIL 500ML;6,420;12;0,53500
HC;FABRIC POWDERS;FABRIC POWDERS;FABRIC POWDERS;DETERGENTE LIQUIDO;OMO;ARB;DET LIQ OMO ROUPAS INTIMAS 300ML;1,870;6;0,31167
HC;FABRIC POWDERS;FABRIC POWDERS;FABRIC POWDERS;DETERGENTE LIQUIDO;ALA;AT0;DET LIQ ALA 5L;10,270;2;5,13500
HC;FABRIC POWDERS;FABRIC POWDERS;FABRIC POWDERS;DETERGENTE LIQUIDO;SURF;AT2;DET LIQ SURF 5L;10,330;2;5,16500
HC;FABRIC POWDERS;FABRIC POWDERS;FABRIC POWDERS;DETERGENTES EM PO;BRILHANTE;BJP;DET PO BRILHANTE 1,6KG - DETERGENTE;11,200;7;1,60000
HC;FABRIC POWDERS;FABRIC POWDERS;FABRIC POWDERS;DETERGENTES EM PO;BRILHANTE;BJR;DET PO BRILHANTE 2,2KG - DETERGENTE;19,800;9;2,20000
HC;FABRIC POWDERS;FABRIC POWDERS;FABRIC POWDERS;DETERGENTES EM PO;BRILHANTE;BJT;DET PO BRILHANTE 2,4KG - DETERGENTE;14,400;6;2,40000
HC;FABRIC POWDERS;FABRIC POWDERS;FABRIC POWDERS;DETERGENTES EM PO;BRILHANTE;BJV;DET PO BRILHANTE 400G - DETERGENTE;10,800;27;0,40000
HC;FABRIC POWDERS;FABRIC POWDERS;FABRIC POWDERS;DETERGENTES EM PO;BRILHANTE;BJX;DET PO BRILHANTE 4KG - DETERGENTE;16,000;4;4,00000
HC;FABRIC POWDERS;FABRIC POWDERS;FABRIC POWDERS;DETERGENTES EM PO;BRILHANTE;BJZ;DET PO BRILHANTE 800G - DETERGENTE;12,800;16;0,80000
HC;FABRIC POWDERS;FABRIC POWDERS;FABRIC POWDERS;DETERGENTE LIQUIDO;OMO;BLO;DET LIQ OMO 700ML;8,677;12;0,72308
HC;FABRIC POWDERS;FABRIC POWDERS;FABRIC POWDERS;DETERGENTE LIQUIDO;BRILHANTE;BLQ;DET LIQ BRILHANTE 700ML;8,677;12;0,72308
HC;FABRIC POWDERS;FABRIC POWDERS;FABRIC POWDERS;DETERGENTE LIQUIDO;ALA;C7P;DET LIQ ALA 700ML;8,677;12;0,72308
HC;FABRIC POWDERS;FABRIC POWDERS;FABRIC POWDERS;DETERGENTE LIQUIDO;SURF;C7Q;DET LIQ SURF 900ML;11,156;12;0,92967
HC;FABRIC POWDERS;FABRIC POWDERS;FABRIC POWDERS;DETERGENTE LIQUIDO;OMO;C8R;DET LIQ OMO 1,8L;11,340;6;1,89000
HC;FABRIC POWDERS;FABRIC POWDERS;FABRIC POWDERS;DETERGENTES EM PO;OMO;C9E;DET PO OMO 720G;14,400;20;0,72000
HC;FABRIC POWDERS;FABRIC POWDERS;FABRIC POWDERS;DETERGENTES EM PO;OMO;C9F;DET PO OMO 360G;8,640;24;0,36000
HC;FABRIC POWDERS;FABRIC POWDERS;FABRIC POWDERS;DETERGENTE LIQUIDO;OMO;CAG;DET OMO LIQ LAV PERF VIBES 1L;12,420;12;1,03500
HC;FABRIC POWDERS;FABRIC POWDERS;FABRIC POWDERS;DETERGENTES EM PO;BRILHANTE;CB1;DET PO BRILHANTE 1,6KG - DT CART;14,400;9;1,60000
HC;FABRIC POWDERS;FABRIC POWDERS;FABRIC POWDERS;DETERGENTES EM PO;BRILHANTE;CB2;DET PO BRILHANTE 1,6KG - SN CART;14,400;9;1,60000
HC;FABRIC POWDERS;FABRIC POWDERS;FABRIC POWDERS;DETERGENTES EM PO;BRILHANTE;CB3;DET PO BRILHANTE 800G - DT CART;16,000;20;0,80000
HC;FABRIC POWDERS;FABRIC POWDERS;FABRIC POWDERS;DETERGENTES EM PO;BRILHANTE;CB4;DET PO BRILHANTE 800G - SN CART;16,000;20;0,80000
HC;FABRIC POWDERS;FABRIC POWDERS;FABRIC POWDERS;DETERGENTES EM PO;OMO;CB8;DET PO OMO 1,6KG - DETERGENTE CART;14,400;9;1,60000
HC;FABRIC POWDERS;FABRIC POWDERS;FABRIC POWDERS;DETERGENTES EM PO;OMO;CBA;DET PO OMO 800G - DETERGENTE CART;16,000;20;0,80000
HC;FABRIC POWDERS;FABRIC POWDERS;FABRIC POWDERS;DETERGENTES EM PO;OMO;CBC;DET PO OMO 2,2KG - DETERGENTE CART;19,800;9;2,20000
HC;LAVA-LOUCA;OUTROS HC;MACHINE;LAVA-LOUCAS;SETIMA GERACAO;9HK;LAVA-LOUCA SETIMA GERACAO CONC 450ML;5,040;12;0,42000
HC;LAVA-LOUCA;OUTROS HC;MACHINE;LAVA-LOUCAS;CIF;9YW;LAVA-LOUCA CIF CONC 420ML;5,242;12;0,43683
HC;LAVA-LOUCA;OUTROS HC;MACHINE;LAVA-LOUCAS;CIF;AIA;LAVA-LOUCA MAQ CIF TABLETE;1,890;6;0,31500
HC;LAVA-LOUCA;OUTROS HC;MACHINE;LAVA-LOUCAS;CIF;AIC;LAVA-LOUCA MAQ CIF PO;12,000;12;1,00000
HC;LAVA-LOUCA;OUTROS HC;MACHINE;LAVA-LOUCAS;CIF;AIE;LAVA-LOUCA MAQ CIF LIQUIDO;2,496;24;0,10400
HC;LAVA-LOUCA;OUTROS HC;MACHINE;LAVA-LOUCAS;CIF;AUU;LAVA-LOUCA CIF CONC ANTIBAC 420ML;5,040;12;0,42000
HC;NEUTRALIZADOR;OUTROS HC;NEUTRALIZADOR;NEUTRALIZADOR DE ODOR;COMFORT;8JJ;NEUTRALIZADOR DE ODOR COMFORT 320ML;3,840;12;0,32000
HC;PETS;PETS;PETS;GROOMING;CAFUNE;AJI;CONDICIONADOR CAFUNE 300ML;3,460;12;0,28833
HC;PETS;PETS;PETS;GROOMING;CAFUNE;AJM;LENCO CAFUNE 50 UND;5,590;24;0,23292
HC;PETS;PETS;PETS;GROOMING;CAFUNE;AJO;SHAMPOO CAFUNE 300ML;3,700;12;0,30833
HC;PETS;PETS;PETS;HIGIENICOS;CAFUNE;AJS;TAPETE CAFUNE 7 UND;10,080;32;0,31500
HC;PETS;PETS;PETS;HIGIENICOS;CAFUNE;AJU;TAPETE CAFUNE 30 UND;10,800;8;1,35000
HC;PETS;PETS;PETS;LIMPADORES PET;CAFUNE;AJW;LAVA-LOUCA CAFUNE 300ML;3,600;12;0,30000
HC;PETS;PETS;PETS;LIMPADORES PET;CAFUNE;AJY;LIMPADOR CAFUNE AROMATIZADOR 500ML;6,000;12;0,50000
HC;PETS;PETS;PETS;LIMPADORES PET;CAFUNE;AK0;LIMPADOR CAFUNE DESINFETANTE 500ML;6,020;12;0,50167
HC;PETS;PETS;PETS;LIMPADORES PET;CAFUNE;AK2;LIMPADOR CAFUNE DESINFETANTE 1L;6,020;6;1,00333
HC;PETS;PETS;PETS;LIMPADORES PET;CAFUNE;AK4;LIMPADOR CAFUNE DESINFETANTE 5L;20,070;4;5,01750
HC;PETS;PETS;PETS;LIMPADORES PET;CAFUNE;AK6;LIMPADOR CAFUNE LIMPA PISOS 900ML;10,800;12;0,90000
HC;PETS;PETS;PETS;HIGIENICOS;CAFUNE;AQT;AREIA CAFUNE 1,3KG;7,800;6;1,30000
HC;PROFESSIONALS;PROFESSIONAL HC;PROFESSIONALS HC;LIMPADORES;CIF;814;LIMPADOR CIF SAPONACEO 2L;17,420;6;2,90333
HC;PROFESSIONALS;PROFESSIONAL HC;PROFESSIONALS HC;LIMPADORES;VIM;816;LIMPADOR VIM CLOREX 5L;21,200;4;5,30000
HC;PROFESSIONALS;PROFESSIONAL HC;PROFESSIONALS HC;AMACIANTES CONCENTRADOS;COMFORT;818;AMACIANTE COMFORT CONCENTRADO 5L;10,000;2;5,00000
HC;PROFESSIONALS;PROFESSIONAL HC;PROFESSIONALS HC;AMACIANTES DILUIDOS;COMFORT;938;AMACIANTE COMFORT DILUIDO 5L;10,050;2;5,02500
HC;PROFESSIONALS;PROFESSIONAL HC;PROFESSIONALS HC;WASH ADDITIVES;OMO;81C;TIRA MANCHAS OMO LIQ 5L;20,520;4;5,13000
HC;PROFESSIONALS;PROFESSIONAL HC;PROFESSIONALS HC;LIMPADORES;CIF;8ZN;LIMPADOR CIF DESENGORDURANTE 2L;12,170;6;2,02833
HC;PROFESSIONALS;PROFESSIONAL HC;PROFESSIONALS HC;LIMPADORES;CIF;8ZR;LIMPADOR CIF VIDROS 2L;12,170;6;2,02833
HC;PROFESSIONALS;PROFESSIONAL HC;PROFESSIONALS HC;LIMPADORES;OMO;8ZT;LIMPADOR PISOS OMO 5L;20,070;4;5,01750
HC;PROFESSIONALS;PROFESSIONAL HC;PROFESSIONALS HC;LIMPADORES;CIF;90Z;LIMPADOR CIF OXYGEL 5L;20,520;4;5,13000
HC;PROFESSIONALS;PROFESSIONAL HC;PROFESSIONALS HC;DETERGENTES EM PO;OMO;93U;DET PO OMO 5,6KG;16,800;3;5,60000
HC;PROFESSIONALS;PROFESSIONAL HC;PROFESSIONALS HC;DETERGENTES EM PO;BRILHANTE;9L3;DET PO BRILHANTE 5,6KG;16,800;3;5,60000
HC;PROFESSIONALS;PROFESSIONAL HC;PROFESSIONALS HC;DETERGENTES EM PO;BRILHANTE;9LY;DET PO BRILHANTE S/ PERFUME 4KG;16,000;4;4,00000
HC;PROFESSIONALS;PROFESSIONAL HC;PROFESSIONALS HC;DETERGENTE LIQUIDO;BRILHANTE;9M0;DET LIQ BRILHANTE S/ PERFUME 7L;7,189;1;7,18900
HC;PROFESSIONALS;PROFESSIONAL HC;PROFESSIONALS HC;DETERGENTE LIQUIDO;OMO;9M2;DET LIQ OMO 7L;7,259;1;7,25900
HC;PROFESSIONALS;PROFESSIONAL HC;PROFESSIONALS HC;LIMPADORES;CIF;9MS;LIMPADOR CIF ALCOOL 2L;12,040;6;2,00667
HC;PROFESSIONALS;PROFESSIONAL HC;PROFESSIONALS HC;DETERGENTES EM PO;BRILHANTE;A0P;DET PO BRILHANTE S/ PERFUME 1,6KG;11,200;7;1,60000
HC;PROFESSIONALS;PROFESSIONAL HC;PROFESSIONALS HC;LAVA-LOUCAS;CIF;A6T;LAVA-LOUCA CIF 3L;12,396;4;3,09900
HC;PROFESSIONALS;PROFESSIONAL HC;PROFESSIONALS HC;DETERGENTE LIQUIDO;OMO;AEJ;DET LIQ OMO SUPER CONC 20L;21,200;1;21,20000
HC;PROFESSIONALS;PROFESSIONAL HC;PROFESSIONALS HC;AMACIANTES CONCENTRADOS;COMFORT;AEL;AMACIANTE COMFORT SUPER CONC 20L;20,000;1;20,00000
HC;PROFESSIONALS;PROFESSIONAL HC;PROFESSIONALS HC;LAVA-LOUCAS;CIF;AI4;LAVA-LOUCA MAQ CIF SECANTE 5L;20,700;4;5,17500
HC;PROFESSIONALS;PROFESSIONAL HC;PROFESSIONALS HC;LIMPADORES;CIF;AI6;LIMPADOR CIF DESINFETANTE S/PERFUME 5L;20,070;4;5,01750
HC;PROFESSIONALS;PROFESSIONAL HC;PROFESSIONALS HC;LAVA-LOUCAS;CIF;AI8;LAVA-LOUCA MAQ CIF LIQUIDO 5L;25,800;4;6,45000
HC;PROFESSIONALS;PROFESSIONAL HC;PROFESSIONALS HC;LAVA-LOUCAS;CIF;ASS;LAVA-LOUCA CONC CIF 500ML;6,360;12;0,53000
HC;PROFESSIONALS;PROFESSIONAL HC;PROFESSIONALS HC;LAVA-LOUCAS;CIF;ASU;DET LIQ CIF ALCALINO CLORADO S/ PERF 5L;21,200;4;5,30000
HC;PROFESSIONALS;PROFESSIONAL HC;PROFESSIONALS HC;LIMPADORES;CIF;ASW;LIMPADOR CIF DESINFETANTE 1L;12,648;12;1,05400
HC;PROFESSIONALS;PROFESSIONAL HC;PROFESSIONALS HC;LIMPADORES;CIF;ASY;LAVA-LOUCA DESINC CIF 5L;21,200;4;5,30000
HC;PROFESSIONALS;PROFESSIONAL HC;PROFESSIONALS HC;AMACIANTES CONCENTRADOS;COMFORT;AW0;AMAC CONC COMFORT PERFECT WHITE 5L;10,330;2;5,16500
HC;PROFESSIONALS;PROFESSIONAL HC;PROFESSIONALS HC;DETERGENTES EM PO;BRILHANTE;AW4;DET PO BRILHANTE 8KG;8,000;1;8,00000
HC;PROFESSIONALS;PROFESSIONAL HC;PROFESSIONALS HC;DETERGENTES EM PO;OMO;AW6;DET PO OMO PERFECT WHITE 4KG;16,000;4;4,00000
HC;PROFESSIONALS;PROFESSIONAL HC;PROFESSIONALS HC;DETERGENTES EM PO;OMO;AW8;DET PO OMO 8KG;8,000;1;8,00000
HC;PROFESSIONALS;PROFESSIONAL HC;PROFESSIONALS HC;DETERGENTE LIQUIDO;OMO;B3G;DET LIQ OMO ALCALINO 20L;22,000;1;22,00000
HC;PROFESSIONALS;PROFESSIONAL HC;PROFESSIONALS HC;LIMPADORES;MEDCARE;B3I;DESINFETANTE PRONTO USO MEDCARE 500ML;6,150;12;0,51250
HC;PROFESSIONALS;PROFESSIONAL HC;PROFESSIONALS HC;LIMPADORES;MEDCARE;B3M;ALCOOL GEL MEDCARE 800ML;4,080;6;0,68000
HC;PROFESSIONALS;PROFESSIONAL HC;PROFESSIONALS HC;AMACIANTES CONCENTRADOS;COMFORT;BQ8;AMACIANTE COMFORT CONCENTRADO 7L;7,230;1;7,23000
HC;PROFESSIONALS;PROFESSIONAL HC;PROFESSIONALS HC;AMACIANTES DILUIDOS;COMFORT;BQA;AMACIANTE COMFORT DILUIDO 7L;7,230;1;7,23000
HC;PROFESSIONALS;PROFESSIONAL HC;PROFESSIONALS HC;DETERGENTE LIQUIDO;OMO;BQC;DET LIQ OMO LAVANDERIA 7L;7,230;1;7,23000
HC;PROFESSIONALS;PROFESSIONAL HC;PROFESSIONALS HC;AS/ALVEJANTES;OMO;BVL;ALVEJANTE OMO 18L;20,000;1;20,00000
HC;PROFESSIONALS;PROFESSIONAL HC;PROFESSIONALS HC;LIMPADORES;CIF;BVN;LIMPADOR CIF SAPONACEO 900ML;15,700;12;1,30833
HC;PROFESSIONALS;PROFESSIONAL HC;PROFESSIONALS HC;LIMPADORES;MEDCARE;BZJ;DESINFETANTE CONCENTRADO MEDCARE 5L;20,520;4;5,13000
HC;PROFESSIONALS;PROFESSIONAL HC;PROFESSIONALS HC;LIMPADORES;CIF;C4Y;LAVA-LOUCA CIF CONCENTRADO 7L;7,595;1;7,59500
HC;PROFESSIONALS;PROFESSIONAL HC;PROFESSIONALS HC;LIMPADORES;CIF;C4Z;LIMPADOR CIF DESENG CONCENTRADO 5L;20,280;4;5,07000
HC;PROFESSIONALS;PROFESSIONAL HC;PROFESSIONALS HC;DETERGENTES EM PO;BRILHANTE;C75;DET PO BRILHANTE ALT PERF 4KG;16,000;4;4,00000
HC;PROFESSIONALS;PROFESSIONAL HC;PROFESSIONALS HC;DETERGENTES EM PO;OMO;C76;DET PO OMO CLINICAL 4KG;16,000;4;4,00000
HC;PROFESSIONALS;PROFESSIONAL HC;PROFESSIONALS HC;DETERGENTE LIQUIDO;BRILHANTE;C77;DET LIQ BRILHANTE 7L;7,259;1;7,25900
HC;PROFESSIONALS;PROFESSIONAL HC;FABRIC POWDERS;DETERGENTES EM PO;CIF;CDY;DET PO CIF 2,4KG;14,400;6;2,40000
HC;WASH ADDITIVES;OUTROS HC;TIRA MANCHAS;WASH ADDITIVES;OMO;4VJ;TIRA MANCHAS OMO PO 420G;5,040;12;0,42000
HC;WASH ADDITIVES;OUTROS HC;TIRA MANCHAS;WASH ADDITIVES;BRILHANTE;5C7;TIRA MANCHAS BRILHANTE 2L;12,312;6;2,05200
HC;WASH ADDITIVES;OUTROS HC;TIRA MANCHAS;WASH ADDITIVES;OMO;6I0;TIRA MANCHAS OMO DP 450ML;5,540;12;0,46167
HC;WASH ADDITIVES;OUTROS HC;TIRA MANCHAS;WASH ADDITIVES;BRILHANTE;6RB;TIRA MANCHAS BRILHANTE DP 450ML;5,540;12;0,46167
HC;WASH ADDITIVES;OUTROS HC;TIRA MANCHAS;WASH ADDITIVES;OMO;6S1;TIRA MANCHAS OMO 750ML;9,234;12;0,76950
HC;WASH ADDITIVES;OUTROS HC;TIRA MANCHAS;WASH ADDITIVES;OMO;8CL;TIRA MANCHAS OMO BAG 380G;10,640;28;0,38000
HC;WASH ADDITIVES;OUTROS HC;TIRA MANCHAS;WASH ADDITIVES;OMO;8JP;TIRA MANCHAS OMO GEL 500ML;4,530;9;0,50333
HC;WASH ADDITIVES;OUTROS HC;TIRA MANCHAS;WASH ADDITIVES;OMO;90T;TIRA MANCHAS OMO ESPUMA 150ML;1,108;8;0,13850
HC;WASH ADDITIVES;OUTROS HC;TIRA MANCHAS;WASH ADDITIVES;BRILHANTE;9K2;TIRA MANCHAS BRILHANTE BAG 380G;10,640;28;0,38000
PC;DEODORANTS;DEODORANTS;DEODORANTS;DESODORANTE ROLL-ON;REXONA;420;DEO REXONA ROLL ON COMPACT;0,193;6;0,03217
PC;DEODORANTS;DEODORANTS;DEODORANTS;DESODORANTE STICK;REXONA;422;DEO REXONA CLINICAL;0,576;12;0,04800
PC;DEODORANTS;DEODORANTS;DEODORANTS;DESODORANTE AEROSOL;DOVE;465;DEO DOVE MEN AERO REGULAR;1,068;12;0,08900
PC;DEODORANTS;DEODORANTS;DEODORANTS;DESODORANTE AEROSOL;AXE;776;DEO AXE AERO URBAN COMPACT;0,744;12;0,06200
PC;DEODORANTS;DEODORANTS;DEODORANTS;DESODORANTE CREME;LOVE BEAUTY;913;DEO LOVE BEAUTY CREME;0,600;12;0,05000
PC;DEODORANTS;DEODORANTS;DEODORANTS;DESODORANTE AEROSOL;REXONA;951;DEO REXONA AERO EFFICIENT - IMP;1,056;12;0,08800
PC;DEODORANTS;DEODORANTS;DEODORANTS;DESODORANTE AEROSOL;REXONA;953;DEO REXONA AERO REGULAR - IMP;1,080;12;0,09000
PC;DEODORANTS;DEODORANTS;DEODORANTS;DESODORANTE AEROSOL;SUAVE;957;DEO SUAVE AERO REGULAR (NOVO) - IMP;1,044;12;0,08700
PC;DEODORANTS;DEODORANTS;DEODORANTS;DESODORANTE AEROSOL;DOVE;42Q;DEO DOVE AERO REGULAR;1,044;12;0,08700
PC;DEODORANTS;DEODORANTS;DEODORANTS;DESODORANTE AEROSOL;REXONA;42R;DEO REXONA AERO REGULAR;1,068;12;0,08900
PC;DEODORANTS;DEODORANTS;DEODORANTS;DESODORANTE ROLL-ON;DOVE;42Y;DEO DOVE ROLL ON REGULAR;0,636;12;0,05300
PC;DEODORANTS;DEODORANTS;DEODORANTS;DESODORANTE ROLL-ON;REXONA;42Z;DEO REXONA ROLL ON REGULAR;0,651;12;0,05425
PC;DEODORANTS;DEODORANTS;DEODORANTS;DESODORANTE ROLL-ON;DOVE;69F;DEO DOVE ROLL ON COMPACT;0,191;6;0,03183
PC;DEODORANTS;DEODORANTS;DEODORANTS;DESODORANTE ROLL-ON;SUAVE;6EQ;DEO SUAVE ROLL ON REGULAR;0,651;12;0,05425
PC;DEODORANTS;DEODORANTS;DEODORANTS;DESODORANTE AEROSOL;SUAVE;6U3;DEO SUAVE AERO REGULAR (NOVO);1,044;12;0,08700
PC;DEODORANTS;DEODORANTS;DEODORANTS;DESODORANTE AEROSOL;AXE;76A;DEO AXE AERO REGULAR AP;1,080;12;0,09000
PC;DEODORANTS;DEODORANTS;DEODORANTS;DESODORANTE AEROSOL;REXONA;7BH;DEO REXONA AERO REGULAR - GOLIAS;1,422;12;0,11850
PC;DEODORANTS;DEODORANTS;DEODORANTS;DESODORANTE ROLL-ON;DOVE;7QI;DEO DOVE ROLL ON PREMIUM;0,634;12;0,05283
PC;DEODORANTS;DEODORANTS;DEODORANTS;DESODORANTE CREME;SUAVE;8KA;DEO SUAVE CREME REGULAR;6,600;120;0,05500
PC;DEODORANTS;DEODORANTS;DEODORANTS;DESODORANTE AEROSOL;REXONA;8X9;DEO REXONA AERO CLINICAL;1,092;12;0,09100
PC;DEODORANTS;DEODORANTS;DEODORANTS;DESODORANTE STICK;DOVE;93Z;DEO DOVE MEN STICK;0,600;12;0,05000
PC;DEODORANTS;DEODORANTS;DEODORANTS;DESODORANTE AEROSOL;DOVE;94P;DEO DOVE MEN AERO REGULAR - IMP;1,068;12;0,08900
PC;DEODORANTS;DEODORANTS;DEODORANTS;DESODORANTE AEROSOL;DOVE;94R;DEO DOVE AERO REGULAR - IMP;1,092;12;0,09100
PC;DEODORANTS;DEODORANTS;DEODORANTS;DESODORANTE AEROSOL;AXE;94V;DEO AXE AERO REGULAR BS - IMP;1,080;12;0,09000
PC;DEODORANTS;DEODORANTS;DEODORANTS;DESODORANTE AEROSOL;DOVE;98W;DEO DOVE AERO REGULAR - GOLIAS;1,416;12;0,11800
PC;DEODORANTS;DEODORANTS;DEODORANTS;DESODORANTE AEROSOL;DOVE;9N0;DEO DOVE MEN AERO REGULAR - GOLIAS;1,392;12;0,11600
PC;DEODORANTS;DEODORANTS;DEODORANTS;DESODORANTE AEROSOL;SUAVE;9RB;DEO SUAVE AERO REGULAR - GOLIAS;1,392;12;0,11600
PC;DEODORANTS;DEODORANTS;DEODORANTS;DESODORANTE AEROSOL;DOVE;9U3;DEO DOVE AERO CLINICAL;1,080;12;0,09000
PC;DEODORANTS;DEODORANTS;DEODORANTS;DESODORANTE AEROSOL;REXONA;9XF;DEO REXONA AERO MINI CLINICAL;0,402;12;0,03350
PC;DEODORANTS;DEODORANTS;DEODORANTS;DESODORANTE AEROSOL;REXONA;B0J;DEO REXONA AERO PES;1,056;12;0,08800
PC;DEODORANTS;DEODORANTS;DEODORANTS;DESODORANTE TALCO;REXONA;B0L;DEO REXONA TALCO PES;1,200;12;0,10000
PC;DEODORANTS;DEODORANTS;DEODORANTS;DESODORANTE AEROSOL;AXE;B3S;DEO AXE AERO REGULAR - GOLIAS;1,476;12;0,12300
PC;DEODORANTS;DEODORANTS;DEODORANTS;DESODORANTE AEROSOL;DOVE;B8T;DEO DOVE AERO 250ML - IMP;1,740;12;0,14500
PC;DEODORANTS;DEODORANTS;DEODORANTS;DESODORANTE AEROSOL;REXONA;B8V;DEO REXONA AERO 250ML - IMP;1,780;12;0,14833
PC;DEODORANTS;DEODORANTS;DEODORANTS;DESODORANTE AEROSOL;DOVE;BLU;DEO DOVE AERO 250ML;1,740;12;0,14500
PC;DEODORANTS;DEODORANTS;DEODORANTS;DESODORANTE AEROSOL;REXONA;BLW;DEO REXONA AERO 250ML;1,776;12;0,14800
PC;DEODORANTS;DEODORANTS;DEODORANTS;DESODORANTE AEROSOL;DOVE;BM4;DEO DOVE MEN AERO 250ML;1,740;12;0,14500
PC;DEODORANTS;DEODORANTS;DEODORANTS;DESODORANTE AEROSOL;DOVE;BM6;DEO DOVE MEN AERO 250ML - IMP;1,780;12;0,14833
PC;DEODORANTS;DEODORANTS;DEODORANTS;DESODORANTE AEROSOL;AXE;C78;DEO AXE AERO REGULAR;1,068;12;0,08900
PC;DEODORANTS;DEODORANTS;DEODORANTS;DESODORANTE AEROSOL;REXONA;C7Y;DEO REXONA AERO REGULAR TAM MENORES;0,780;12;0,06500
PC;DEODORANTS;DEODORANTS;DEODORANTS;DESODORANTE STICK;DOVE;C8C;DEO DOVE STICK;0,600;12;0,05000
PC;DEODORANTS;DEODORANTS;DEODORANTS;DESODORANTE STICK;REXONA;CA0;DEO REXONA CLINICAL SOFT SOLID;0,696;12;0,05800
PC;DEODORANTS;DEODORANTS;DEODORANTS;DESODORANTE CREME;DOVE;CDI;DEO DOVE CREME REGULAR;0,600;12;0,05000
PC;ORAL CARE;ORAL CARE;ORAL CARE;CREME DENTAL;CLOSE UP;435;ORAL CLOSE UP EXTRA WHITENING;4,680;36;0,13000
PC;ORAL CARE;ORAL CARE;ORAL CARE;CREME DENTAL;CLOSE UP;436;ORAL CLOSE UP GEL RED HOT;6,480;72;0,09000
PC;ORAL CARE;ORAL CARE;ORAL CARE;CREME DENTAL;CLOSE UP;437;ORAL CLOSE UP LIQUIFRESH;7,200;72;0,10000
PC;ORAL CARE;ORAL CARE;ORAL CARE;CREME DENTAL;CLOSE UP;438;ORAL CLOSE UP TRIPLE;5,040;72;0,07000
PC;ORAL CARE;ORAL CARE;ORAL CARE;CREME DENTAL;CLOSE UP;439;ORAL CLOSE UP WHITE NOW;5,040;72;0,07000
PC;ORAL CARE;ORAL CARE;ORAL CARE;ESCOVA DENTAL;CLOSE UP;6NQ;ORAL ESC DENTAL CLOSEUP;0,173;12;0,01442
PC;ORAL CARE;ORAL CARE;ORAL CARE;CREME DENTAL;CLOSE UP;7QC;ORAL CLOSE UP WH ATTRACTION 70G;5,040;72;0,07000
PC;ORAL CARE;ORAL CARE;ORAL CARE;CREME DENTAL;CLOSE UP;7QE;ORAL CLOSE UP BIO ATIVA;5,040;72;0,07000
PC;ORAL CARE;ORAL CARE;ORAL CARE;MOUTHWASH;CLOSE UP;A2A;ORAL CLOSE UP ENXAGUANTE BUCAL 250ML;3,000;12;0,25000
PC;ORAL CARE;ORAL CARE;ORAL CARE;MOUTHWASH;CLOSE UP;A7J;ORAL CLOSE UP ENXAGUANTE BUCAL 500ML;6,000;12;0,50000
PC;ORAL CARE;ORAL CARE;ORAL CARE;CREME DENTAL;CLOSE UP;BRG;ORAL CLOSE UP MULTIVITAMINAS;6,120;72;0,08500
PC;ORAL CARE;ORAL CARE;ORAL CARE;CREME DENTAL;CLOSE UP;CAF;ORAL CLOSE UP CARVAO ATIVADO;6,125;72;0,08507
PC;PERSONAL WASH;PERSONAL WASH;PERSONAL WASH;SABONETES EM BARRA;REXONA;356;SAB BARRA REXONA 84G;9,072;108;0,08400
PC;PERSONAL WASH;PERSONAL WASH;PERSONAL WASH;SABONETES LIQUIDOS;DOVE;448;SAB LIQ DOVE HANDWASH;1,550;6;0,25833
PC;PERSONAL WASH;BABY;BABY DOVE;SABONETES EM BARRA;BABY DOVE;44A;SAB BARRA BABY DOVE 75G (NOVO);3,600;48;0,07500
PC;PERSONAL WASH;PERSONAL WASH;PERSONAL WASH;SABONETES EM BARRA;DOVE;44B;SAB BARRA DOVE 90G;4,320;48;0,09000
PC;PERSONAL WASH;PERSONAL WASH;PERSONAL WASH;SABONETES LIQUIDOS;DOVE;44I;SAB LIQ DOVE 250ML;3,060;12;0,25500
PC;PERSONAL WASH;PERSONAL WASH;PERSONAL WASH;SABONETES LIQUIDOS;LIFEBUOY;44L;SAB LIQ LIFEBUOY 250ML;3,060;12;0,25500
PC;PERSONAL WASH;PERSONAL WASH;PERSONAL WASH;SABONETES LIQUIDOS;LIFEBUOY;46C;SAB LIQ LIFEBUOY REFIL HANDWASH;2,460;12;0,20500
PC;PERSONAL WASH;BABY;BABY DOVE;SABONETES LIQUIDOS;BABY DOVE;47E;SAB LIQ DOVE BABY 200ML;2,450;12;0,20417
PC;PERSONAL WASH;PERSONAL WASH;PERSONAL WASH;SABONETES LIQUIDOS;DOVE;47R;SAB LIQ DOVE REFIL 200ML;2,450;12;0,20417
PC;PERSONAL WASH;PERSONAL WASH;PERSONAL WASH;SABONETES EM BARRA;LUX;4TZ;SAB BARRA LUX 125G (NOVO);9,000;72;0,12500
PC;PERSONAL WASH;PERSONAL WASH;PERSONAL WASH;SABONETES EM BARRA;LUX;4U1;SAB BARRA LUX 85G;9,180;108;0,08500
PC;PERSONAL WASH;PERSONAL WASH;PERSONAL WASH;SABONETES LIQUIDOS;LUX;4U3;SAB LIQ LUX REFIL (NOVO);2,460;12;0,20500
PC;PERSONAL WASH;PERSONAL WASH;PERSONAL WASH;SABONETES LIQUIDOS;LUX;4U5;SAB LIQ LUX 250ML (NOVO);3,078;12;0,25650
PC;PERSONAL WASH;BABY;BABY DOVE;SABONETES LIQUIDOS;BABY DOVE;5DM;SAB LIQ DOVE BABY 400ML;4,900;12;0,40833
PC;PERSONAL WASH;BABY;BABY DOVE;SABONETES LIQUIDOS;BABY DOVE;5DS;SAB LIQ DOVE BABY REFIL 180ML;2,182;12;0,18183
PC;PERSONAL WASH;BABY;BABY DOVE;BABY DOVE WIPES;BABY DOVE;6EK;DOVE BABY WIPES;2,835;12;0,23625
PC;PERSONAL WASH;PERSONAL WASH;PERSONAL WASH;SABONETES LIQUIDOS;REXONA;6SP;SAB LIQ REXONA REFIL;2,462;12;0,20517
PC;PERSONAL WASH;PERSONAL WASH;PERSONAL WASH;SABONETES LIQUIDOS;REXONA;6U5;SAB LIQ REXONA BODYWASH 200ML;2,462;12;0,20517
PC;PERSONAL WASH;PERSONAL WASH;PERSONAL WASH;SABONETES LIQUIDOS;LOVE BEAUTY;8PI;SAB LIQ LOVE BEAUTY 300ML;1,842;6;0,30700
PC;PERSONAL WASH;PERSONAL WASH;PERSONAL WASH;SABONETES LIQUIDOS;REXONA;9EN;SAB LIQ REXONA HANDWASH 250ML;1,539;6;0,25650
PC;PERSONAL WASH;BABY;BABY DOVE;SABONETES LIQUIDOS;BABY DOVE;9JA;SAB LIQ DOVE BABY 400ML+TOALHA;2,448;6;0,40800
PC;PERSONAL WASH;PERSONAL WASH;PERSONAL WASH;SABONETES LIQUIDOS;LUX;9K8;SAB LIQ LUX HANDWASH 500ML;3,078;6;0,51300
PC;PERSONAL WASH;PERSONAL WASH;PERSONAL WASH;SABONETES LIQUIDOS;LUX;9KA;SAB LIQ LUX HANDWASH RFL 440ML;5,417;12;0,45142
PC;PERSONAL WASH;PERSONAL WASH;PERSONAL WASH;SABONETES LIQUIDOS;LUX;9TP;SAB LIQ LUX 1L;6,156;6;1,02600
PC;PERSONAL WASH;PERSONAL WASH;PERSONAL WASH;SABONETES EM BARRA;LUX;B8X;SAB BARRA LUX 120G (NOVO);8,640;72;0,12000
PC;PERSONAL WASH;PERSONAL WASH;PERSONAL WASH;SABONETES LIQUIDOS;LUX;B8Z;SAB LIQ LUX 300ML;3,694;12;0,30783
PC;PERSONAL WASH;PERSONAL WASH;PERSONAL WASH;SABONETES LIQUIDOS;LUX;B91;SAB LIQ LUX REFIL 240ML;2,955;12;0,24625
PC;PERSONAL WASH;PERSONAL WASH;PERSONAL WASH;SABONETES LIQUIDOS;LUX;B93;SAB LIQ LUX HANDWASH 300ML;3,694;12;0,30783
PC;PERSONAL WASH;PERSONAL WASH;PERSONAL WASH;SABONETES LIQUIDOS;REXONA;B95;SAB LIQ REXONA HANDWASH 500ML;3,078;6;0,51300
PC;PERSONAL WASH;PERSONAL WASH;PERSONAL WASH;SABONETES LIQUIDOS;REXONA;B97;SAB LIQ REXONA 1L;6,156;6;1,02600
PC;PERSONAL WASH;PERSONAL WASH;PERSONAL WASH;SABONETES EM BARRA;DOVE;BEG;SAB BARRA DOVE 135G;6,480;48;0,13500
PC;PERSONAL WASH;PERSONAL WASH;PERSONAL WASH;SABONETES LIQUIDOS;REXONA;BEI;SAB LIQ REXONA BODYWASH 250ML;3,078;12;0,25650
PC;PERSONAL WASH;PERSONAL WASH;PERSONAL WASH;SABONETES LIQUIDOS;DOVE;BTZ;SAB LIQ DOVE HANDWASH RFL 500ML;6,156;12;0,51300
PC;PERSONAL WASH;PERSONAL WASH;PERSONAL WASH;SABONETES LIQUIDOS;REXONA;BU1;SAB LIQ REXONA HANDWASH RFL 500ML;6,156;12;0,51300
PC;PERSONAL WASH;PERSONAL WASH;PERSONAL WASH;SABONETES LIQUIDOS;LUX;BU3;SAB LIQ LUX HANDWASH RFL 500ML;6,156;12;0,51300
PC;PERSONAL WASH;PERSONAL WASH;PERSONAL WASH;SABONETES LIQUIDOS;DOVE;BU5;SAB LIQ DOVE BODYWASH RFL 400ML;4,920;12;0,41000
PC;PERSONAL WASH;PERSONAL WASH;PERSONAL WASH;SABONETES LIQUIDOS;REXONA;BU7;SAB LIQ REXONA BODYWASH RFL 400ML;4,925;12;0,41042
PC;PERSONAL WASH;PERSONAL WASH;PERSONAL WASH;SABONETES LIQUIDOS;LUX;BU9;SAB LIQ LUX BODYWASH RFL 400ML;4,925;12;0,41042
PC;PERSONAL WASH;PERSONAL WASH;PERSONAL WASH;SABONETES LIQUIDOS;LUX;BVP;SAB LIQ LUX HANDWASH 300ML+RFL 240ML+NEC;3,320;6;0,55333
PC;PERSONAL WASH;PERSONAL WASH;PERSONAL WASH;SABONETES EM BARRA;LUX;C9K;SAB BARRA LUX 100G;7,200;72;0,10000
PC;PROFESSIONALS;PROFESSIONAL PC;PROFESSIONALS PC;SABONETES LIQUIDOS;REXONA;AJ6;SAB LIQ REXONA 5L;20,520;4;5,13000
PC;PROFESSIONALS;PROFESSIONAL PC;PROFESSIONALS PC;SABONETES LIQUIDOS;REXONA;AJ8;SAB LIQ REXONA 2L;12,312;6;2,05200
PC;PROFESSIONALS;PROFESSIONAL PC;PROFESSIONALS PC;SABONETES LIQUIDOS;DOVE;AJC;SAB LIQ DOVE 2L;12,312;6;2,05200
PC;PROFESSIONALS;PROFESSIONAL PC;PROFESSIONALS PC;SABONETES LIQUIDOS;LUX;ANL;SAB LIQ LUX 2L;12,312;6;2,05200
PC;PROFESSIONALS;PROFESSIONAL PC;PROFESSIONALS PC;SABONETES LIQUIDOS;DOVE;ANN;SAB LIQ DOVE 5L;20,520;4;5,13000
PC;PROFESSIONALS;PROFESSIONAL PC;PROFESSIONALS PC;SABONETES LIQUIDOS;MEDCARE;BGF;SAB LIQ MEDCARE 300ML;9,000;30;0,30000
PC;PROFESSIONALS;PROFESSIONAL PC;PROFESSIONALS PC;SABONETES LIQUIDOS;MEDCARE;BGH;SAB LIQ MEDCARE 400G+300ML;13,800;20;0,69000
FR;MAIONESES;DRESSINGS;MAIONESES;HT - DRESSINGS MAIONESES;GOURMET;7Z4;MAYO GOURMET 250G - HT;6,000;24;0,25000
